{"stats":{"minecraft:picked_up":{"minecraft:birch_log":4,"minecraft:iron_chestplate":1,"minecraft:wheat":5,"minecraft:feather":1,"minecraft:cooked_beef":1,"minecraft:birch_slab":9,"minecraft:glow_ink_sac":1,"minecraft:potato":4,"minecraft:smithing_table":1,"minecraft:lead":2,"minecraft:oak_stairs":1,"minecraft:wooden_pickaxe":2,"minecraft:birch_planks":64,"minecraft:potion":2,"minecraft:enchanted_book":4,"minecraft:oak_log":73,"minecraft:yellow_bed":3,"minecraft:music_disc_cat":2,"minecraft:dirt":195,"minecraft:raw_copper":5,"minecraft:iron_leggings":4,"minecraft:compass":2,"minecraft:bone":39,"minecraft:experience_bottle":3,"minecraft:apple":4,"minecraft:wheat_seeds":23,"minecraft:diamond_leggings":2,"minecraft:candle":8,"minecraft:echo_shard":3,"minecraft:music_disc_otherside":2,"minecraft:beef":5,"minecraft:iron_ingot":1,"minecraft:stone_pickaxe":1,"minecraft:poppy":1,"minecraft:iron_pickaxe":2,"minecraft:chest":2,"minecraft:oak_planks":6,"minecraft:book":47,"minecraft:sculk_catalyst":2,"minecraft:stick":10,"minecraft:beehive":57,"minecraft:raw_iron":2,"minecraft:oak_door":2,"minecraft:music_disc_13":3,"minecraft:composter":1,"minecraft:torch":7,"minecraft:amethyst_shard":30,"minecraft:soul_torch":153,"minecraft:white_bed":2,"minecraft:carrot":56,"minecraft:stripped_jungle_log":191,"minecraft:tnt":1,"minecraft:sculk_sensor":1,"minecraft:rotten_flesh":13,"minecraft:stone_axe":1,"minecraft:golden_apple":1,"minecraft:emerald":3,"minecraft:bread":4,"minecraft:oak_sapling":6,"minecraft:glow_berries":6,"minecraft:coal":134,"minecraft:wooden_axe":1,"minecraft:cobblestone":130},"minecraft:mined":{"minecraft:smithing_table":1,"minecraft:soul_wall_torch":2,"minecraft:white_bed":1,"minecraft:glass_pane":3,"minecraft:oak_door":2,"minecraft:torch":4,"minecraft:grass_block":21,"minecraft:chest":2,"minecraft:copper_ore":1,"minecraft:tall_grass":6,"minecraft:composter":1,"minecraft:oak_planks":8,"minecraft:wall_torch":5,"minecraft:seagrass":1,"minecraft:carrots":17,"minecraft:wheat":7,"minecraft:birch_log":4,"minecraft:iron_ore":2,"minecraft:fire":1,"minecraft:birch_leaves":1,"minecraft:yellow_bed":3,"minecraft:grass":34,"minecraft:potatoes":1,"minecraft:oak_log":83,"minecraft:oak_stairs":1,"minecraft:dirt":62,"minecraft:stone":130,"minecraft:oak_leaves":35},"minecraft:killed_by":{"minecraft:player":4,"minecraft:creeper":2,"minecraft:drowned":1},"minecraft:used":{"minecraft:flint_and_steel":1,"minecraft:stone_pickaxe":131,"minecraft:poppy":1,"minecraft:oak_planks":21,"minecraft:wooden_pickaxe":3,"minecraft:rotten_flesh":1,"minecraft:golden_apple":1,"minecraft:dirt":78,"minecraft:tnt":7,"minecraft:white_bed":1,"minecraft:beehive":30,"minecraft:apple":3,"minecraft:birch_slab":38,"minecraft:bread":3,"minecraft:iron_pickaxe":3,"minecraft:stone_axe":127,"minecraft:soul_torch":4},"minecraft:custom":{"minecraft:interact_with_smithing_table":1,"minecraft:interact_with_crafting_table":4,"minecraft:bell_ring":6,"minecraft:leave_game":4,"minecraft:time_since_death":51527,"minecraft:sleep_in_bed":1,"minecraft:climb_one_cm":625,"minecraft:time_since_rest":14768,"minecraft:sprint_one_cm":324368,"minecraft:damage_absorbed":39,"minecraft:damage_taken":2518,"minecraft:walk_one_cm":276541,"minecraft:drop":43,"minecraft:damage_dealt":635,"minecraft:swim_one_cm":24726,"minecraft:fly_one_cm":86145,"minecraft:player_kills":2,"minecraft:open_chest":9,"minecraft:crouch_one_cm":5158,"minecraft:play_time":92219,"minecraft:deaths":11,"minecraft:sneak_time":2702,"minecraft:walk_under_water_one_cm":9028,"minecraft:boat_one_cm":4819,"minecraft:jump":968,"minecraft:walk_on_water_one_cm":11664,"minecraft:total_world_time":92219,"minecraft:fall_one_cm":17284},"minecraft:dropped":{"minecraft:iron_ingot":1,"minecraft:candle":8,"minecraft:wheat_seeds":16,"minecraft:birch_planks":64,"minecraft:glow_ink_sac":1,"minecraft:cooked_beef":1,"minecraft:oak_log":65,"minecraft:raw_copper":5,"minecraft:smithing_table":1,"minecraft:wheat":5,"minecraft:composter":1,"minecraft:raw_iron":2,"minecraft:feather":1,"minecraft:cobblestone":127,"minecraft:rotten_flesh":5,"minecraft:oak_planks":17,"minecraft:apple":1,"minecraft:carrot":56,"minecraft:birch_slab":6,"minecraft:stick":8,"minecraft:music_disc_13":1,"minecraft:dirt":1,"minecraft:potato":4,"minecraft:torch":7,"minecraft:sculk_catalyst":2,"minecraft:wooden_axe":1,"minecraft:yellow_bed":3,"minecraft:oak_sapling":7,"minecraft:chest":2,"minecraft:oak_stairs":1,"minecraft:amethyst_shard":20,"minecraft:stone_pickaxe":1,"minecraft:wooden_pickaxe":2,"minecraft:birch_log":4,"minecraft:oak_door":2},"minecraft:killed":{"minecraft:zombie":1},"minecraft:crafted":{"minecraft:oak_planks":32,"minecraft:stone_pickaxe":1},"minecraft:broken":{"minecraft:stone_pickaxe":1,"minecraft:stone_axe":1}},"DataVersion":3337}