{"stats":{"minecraft:picked_up":{"minecraft:wooden_axe":2,"minecraft:charcoal":43,"minecraft:iron_chestplate":2,"minecraft:crafting_table":1,"minecraft:wheat":21,"minecraft:smithing_table":1,"minecraft:lead":4,"minecraft:wooden_pickaxe":3,"minecraft:oak_stairs":1,"minecraft:potion":2,"minecraft:enchanted_book":4,"minecraft:shield":1,"minecraft:golden_sword":2,"minecraft:music_disc_cat":2,"minecraft:string":7,"minecraft:raw_copper":96,"minecraft:iron_axe":5,"minecraft:iron_leggings":5,"minecraft:compass":2,"minecraft:experience_bottle":3,"minecraft:oak_sign":2,"minecraft:diamond_leggings":2,"minecraft:gold_nugget":2,"minecraft:candle":8,"minecraft:smooth_stone":8,"minecraft:beef":5,"minecraft:music_disc_otherside":2,"minecraft:echo_shard":3,"minecraft:poppy":1,"minecraft:iron_pickaxe":4,"minecraft:enchanted_golden_apple":59,"minecraft:chest":2,"minecraft:egg":15,"minecraft:furnace":1,"minecraft:stick":13,"minecraft:beehive":57,"minecraft:raw_iron":11,"minecraft:oak_door":2,"minecraft:composter":1,"minecraft:torch":56,"minecraft:porkchop":4,"minecraft:diorite":28,"minecraft:carrot":56,"minecraft:tnt":1,"minecraft:stone_sword":1,"minecraft:arrow":9,"minecraft:rotten_flesh":34,"minecraft:stone_shovel":1,"minecraft:hay_block":5,"minecraft:glow_berries":6,"minecraft:cobblestone":819,"minecraft:birch_log":4,"minecraft:feather":1,"minecraft:cooked_beef":1,"minecraft:birch_slab":9,"minecraft:glow_ink_sac":1,"minecraft:water_bucket":3,"minecraft:andesite":57,"minecraft:leather":3,"minecraft:potato":6,"minecraft:birch_planks":64,"minecraft:oak_log":80,"minecraft:yellow_bed":3,"minecraft:gunpowder":2,"minecraft:stripped_birch_log":1,"minecraft:dirt":712,"minecraft:bone":113,"minecraft:apple":4,"minecraft:kelp":4,"minecraft:wheat_seeds":51,"minecraft:iron_ingot":34,"minecraft:stone_pickaxe":4,"minecraft:stone_hoe":1,"minecraft:iron_sword":3,"minecraft:oak_planks":8,"minecraft:book":47,"minecraft:sculk_catalyst":2,"minecraft:warped_fungus":1,"minecraft:music_disc_13":3,"minecraft:dandelion":4,"minecraft:sand":12,"minecraft:amethyst_shard":30,"minecraft:soul_torch":165,"minecraft:ink_sac":3,"minecraft:white_bed":2,"minecraft:stripped_jungle_log":191,"minecraft:sculk_sensor":1,"minecraft:sugar":2,"minecraft:stone_axe":2,"minecraft:crossbow":1,"minecraft:golden_apple":123,"minecraft:emerald":10,"minecraft:bread":4,"minecraft:terracotta":1,"minecraft:oak_sapling":6,"minecraft:coal":140},"minecraft:mined":{"minecraft:white_bed":2,"minecraft:oak_door":2,"minecraft:jungle_leaves":3,"minecraft:grass_block":126,"minecraft:kelp":1,"minecraft:composter":1,"minecraft:sandstone":1,"minecraft:hay_block":5,"minecraft:smooth_stone":8,"minecraft:furnace":1,"minecraft:carrots":17,"minecraft:iron_ore":11,"minecraft:fire":1,"minecraft:andesite":56,"minecraft:potatoes":1,"minecraft:oak_stairs":1,"minecraft:stone":475,"minecraft:cake":1,"minecraft:smithing_table":1,"minecraft:soul_wall_torch":4,"minecraft:glass_pane":3,"minecraft:kelp_plant":1,"minecraft:soul_torch":3,"minecraft:crafting_table":1,"minecraft:torch":6,"minecraft:chest":2,"minecraft:cobblestone":3,"minecraft:copper_ore":9,"minecraft:tall_grass":8,"minecraft:oak_planks":10,"minecraft:diorite":10,"minecraft:wall_torch":14,"minecraft:seagrass":2,"minecraft:birch_log":4,"minecraft:wheat":14,"minecraft:birch_leaves":1,"minecraft:yellow_bed":3,"minecraft:grass":64,"minecraft:coal_ore":3,"minecraft:oak_log":88,"minecraft:cocoa":1,"minecraft:sand":14,"minecraft:dirt":202,"minecraft:terracotta":1,"minecraft:oak_leaves":38},"minecraft:killed_by":{"minecraft:player":15,"minecraft:creeper":2,"minecraft:iron_golem":1,"minecraft:drowned":1,"minecraft:zombie":2},"minecraft:used":{"minecraft:stone_sword":1,"minecraft:flint_and_steel":1,"minecraft:stone_shovel":142,"minecraft:poppy":1,"minecraft:rotten_flesh":12,"minecraft:torch":5,"minecraft:dirt":143,"minecraft:beehive":30,"minecraft:wooden_axe":16,"minecraft:iron_axe":51,"minecraft:golden_sword":1,"minecraft:furnace":1,"minecraft:potato":2,"minecraft:water_bucket":11,"minecraft:stone_pickaxe":376,"minecraft:oak_planks":25,"minecraft:wooden_pickaxe":44,"minecraft:golden_apple":2,"minecraft:sand":1,"minecraft:tnt":7,"minecraft:white_bed":1,"minecraft:apple":3,"minecraft:birch_slab":38,"minecraft:bread":3,"minecraft:melon_slice":5,"minecraft:iron_pickaxe":254,"minecraft:stone_axe":127,"minecraft:cobblestone":3,"minecraft:porkchop":4,"minecraft:bucket":12,"minecraft:soul_torch":9},"minecraft:custom":{"minecraft:interact_with_smithing_table":1,"minecraft:mob_kills":7,"minecraft:interact_with_crafting_table":9,"minecraft:bell_ring":6,"minecraft:leave_game":14,"minecraft:time_since_death":441,"minecraft:climb_one_cm":2158,"minecraft:sprint_one_cm":862923,"minecraft:walk_one_cm":960114,"minecraft:drop":73,"minecraft:damage_dealt_absorbed":184,"minecraft:talked_to_villager":1,"minecraft:play_time":292223,"minecraft:deaths":33,"minecraft:sneak_time":9453,"minecraft:walk_under_water_one_cm":388075,"minecraft:boat_one_cm":4819,"minecraft:jump":3028,"minecraft:interact_with_brewingstand":1,"minecraft:walk_on_water_one_cm":89247,"minecraft:total_world_time":292223,"minecraft:interact_with_furnace":9,"minecraft:interact_with_grindstone":1,"minecraft:sleep_in_bed":3,"minecraft:time_since_rest":523,"minecraft:damage_taken":11532,"minecraft:damage_absorbed":39,"minecraft:trigger_trapped_chest":4,"minecraft:damage_dealt":2247,"minecraft:swim_one_cm":74261,"minecraft:player_kills":2,"minecraft:fly_one_cm":270028,"minecraft:open_chest":51,"minecraft:crouch_one_cm":22190,"minecraft:fall_one_cm":101363},"minecraft:dropped":{"minecraft:iron_ingot":34,"minecraft:candle":8,"minecraft:birch_planks":64,"minecraft:wheat_seeds":19,"minecraft:glow_ink_sac":1,"minecraft:cooked_beef":1,"minecraft:warped_fungus":1,"minecraft:oak_log":65,"minecraft:smithing_table":1,"minecraft:crossbow":1,"minecraft:feather":1,"minecraft:cobblestone":216,"minecraft:lead":2,"minecraft:apple":1,"minecraft:leather":3,"minecraft:birch_slab":6,"minecraft:golden_apple":122,"minecraft:emerald":7,"minecraft:stick":11,"minecraft:music_disc_13":1,"minecraft:dirt":6,"minecraft:diorite":9,"minecraft:torch":34,"minecraft:sculk_catalyst":2,"minecraft:wooden_axe":1,"minecraft:iron_leggings":1,"minecraft:amethyst_shard":20,"minecraft:oak_stairs":1,"minecraft:gold_nugget":2,"minecraft:sugar":2,"minecraft:string":5,"minecraft:birch_log":4,"minecraft:dandelion":4,"minecraft:bone":3,"minecraft:oak_door":2,"minecraft:raw_copper":28,"minecraft:wheat":15,"minecraft:composter":1,"minecraft:raw_iron":2,"minecraft:rotten_flesh":9,"minecraft:oak_planks":17,"minecraft:oak_sign":2,"minecraft:carrot":56,"minecraft:potato":4,"minecraft:shield":1,"minecraft:charcoal":43,"minecraft:yellow_bed":3,"minecraft:chest":2,"minecraft:oak_sapling":7,"minecraft:golden_sword":1,"minecraft:stone_pickaxe":1,"minecraft:wooden_pickaxe":2,"minecraft:egg":14},"minecraft:killed":{"minecraft:spider":1,"minecraft:pig":2,"minecraft:zombie":4},"minecraft:crafted":{"minecraft:oak_planks":40,"minecraft:iron_axe":1,"minecraft:stone_pickaxe":1,"minecraft:wheat":27,"minecraft:stick":8,"minecraft:iron_ingot":6,"minecraft:iron_pickaxe":1},"minecraft:broken":{"minecraft:stone_pickaxe":3,"minecraft:golden_sword":1,"minecraft:stone_axe":1,"minecraft:iron_pickaxe":1,"minecraft:stone_shovel":1}},"DataVersion":3337}