{"stats":{"minecraft:picked_up":{"minecraft:wooden_axe":5,"minecraft:birch_door":14,"minecraft:iron_chestplate":10,"minecraft:wheat":68,"minecraft:lead":6,"minecraft:oak_stairs":2,"minecraft:potion":4,"minecraft:enchanted_book":14,"minecraft:light":2,"minecraft:music_disc_cat":6,"minecraft:raw_copper":13,"minecraft:iron_leggings":13,"minecraft:experience_bottle":14,"minecraft:oak_sign":18,"minecraft:beetroot":68,"minecraft:diamond_leggings":2,"minecraft:cobbled_deepslate":169,"minecraft:wooden_shovel":2,"minecraft:iron_pickaxe":7,"minecraft:enchanted_golden_apple":196,"minecraft:melon_slice":109,"minecraft:furnace":1,"minecraft:stick":25,"minecraft:oak_fence":8,"minecraft:torch":59,"minecraft:porkchop":5,"minecraft:diorite":101,"minecraft:stone_sword":30,"minecraft:rotten_flesh":63,"minecraft:cobblestone":311,"minecraft:birch_log":35,"minecraft:cooked_beef":17,"minecraft:feather":18,"minecraft:jungle_log":176,"minecraft:water_bucket":1,"minecraft:birch_slab":29,"minecraft:andesite":125,"minecraft:potato":8,"minecraft:flint":1,"minecraft:dirt":831,"minecraft:name_tag":6,"minecraft:bone":110,"minecraft:glass":38,"minecraft:wheat_seeds":247,"minecraft:raw_gold":36,"minecraft:bamboo":17,"minecraft:oak_planks":264,"minecraft:music_disc_13":5,"minecraft:oak_pressure_plate":4,"minecraft:sand":66,"minecraft:jungle_planks":26,"minecraft:grass_block":3,"minecraft:chiseled_sandstone":1,"minecraft:diamond":4,"minecraft:granite":40,"minecraft:golden_apple":122,"minecraft:emerald":51,"minecraft:bread":44,"minecraft:oak_sapling":3,"minecraft:cocoa_beans":33,"minecraft:crafting_table":6,"minecraft:chicken":5,"minecraft:wooden_pickaxe":15,"minecraft:diamond_horse_armor":3,"minecraft:shield":15,"minecraft:iron_axe":1,"minecraft:wooden_sword":7,"minecraft:flint_and_steel":3,"minecraft:candle":33,"minecraft:netherite_sword":1,"minecraft:beef":25,"minecraft:music_disc_otherside":5,"minecraft:echo_shard":11,"minecraft:oak_boat":2,"minecraft:jungle_sapling":2,"minecraft:iron_nugget":20,"minecraft:poppy":8,"minecraft:sugar_cane":26,"minecraft:chest":4,"minecraft:birch_sapling":5,"minecraft:raw_iron":108,"minecraft:sandstone":281,"minecraft:recovery_compass":2,"minecraft:carrot":323,"minecraft:redstone":24,"minecraft:tnt":12,"minecraft:stone_shovel":5,"minecraft:arrow":44,"minecraft:beetroot_seeds":10,"minecraft:hay_block":176,"minecraft:saddle":1,"minecraft:gold_ingot":61,"minecraft:glow_berries":39,"minecraft:mutton":58,"minecraft:white_wool":82,"minecraft:glow_ink_sac":5,"minecraft:salmon":2,"minecraft:cut_sandstone":3,"minecraft:leather":24,"minecraft:birch_planks":28,"minecraft:oak_log":129,"minecraft:golden_boots":1,"minecraft:yellow_bed":2,"minecraft:gunpowder":28,"minecraft:wooden_hoe":13,"minecraft:white_banner":3,"minecraft:cooked_mutton":22,"minecraft:apple":39,"minecraft:iron_ingot":164,"minecraft:stone_pickaxe":29,"minecraft:iron_sword":12,"minecraft:book":141,"minecraft:sculk_catalyst":8,"minecraft:warped_fungus":2,"minecraft:pumpkin":54,"minecraft:gravel":10,"minecraft:amethyst_shard":40,"minecraft:soul_torch":190,"minecraft:white_bed":6,"minecraft:spider_eye":2,"minecraft:stripped_jungle_log":64,"minecraft:pumpkin_seeds":20,"minecraft:stone_axe":22,"minecraft:birch_sign":1,"minecraft:oak_button":7,"minecraft:melon_seeds":14,"minecraft:black_wool":23,"minecraft:coal":175},"minecraft:mined":{"minecraft:attached_melon_stem":2,"minecraft:white_bed":5,"minecraft:jungle_leaves":12,"minecraft:granite":33,"minecraft:grass_block":424,"minecraft:jungle_log":55,"minecraft:oak_pressure_plate":4,"minecraft:iron_ore":23,"minecraft:fire":4,"minecraft:pumpkin":14,"minecraft:sculk_shrieker":2,"minecraft:oak_sign":5,"minecraft:dirt_path":7,"minecraft:oak_stairs":2,"minecraft:birch_wall_sign":1,"minecraft:white_banner":1,"minecraft:soul_wall_torch":2,"minecraft:melon_stem":1,"minecraft:torch":6,"minecraft:melon":20,"minecraft:chest":4,"minecraft:cobblestone":27,"minecraft:sugar_cane":13,"minecraft:oak_planks":152,"minecraft:wall_torch":12,"minecraft:birch_log":35,"minecraft:wheat":31,"minecraft:birch_door":12,"minecraft:warped_fungus":1,"minecraft:grass":226,"minecraft:oak_log":116,"minecraft:beetroots":5,"minecraft:sand":81,"minecraft:dirt":133,"minecraft:oak_leaves":29,"minecraft:deepslate":29,"minecraft:deepslate_diamond_ore":1,"minecraft:glow_lichen":1,"minecraft:birch_slab":14,"minecraft:hay_block":83,"minecraft:furnace":1,"minecraft:carrots":18,"minecraft:andesite":115,"minecraft:potatoes":3,"minecraft:deepslate_iron_ore":10,"minecraft:vine":4,"minecraft:stripped_oak_log":1,"minecraft:bamboo":4,"minecraft:stone":221,"minecraft:white_wool":2,"minecraft:dandelion":2,"minecraft:oak_fence":8,"minecraft:crafting_table":5,"minecraft:sculk_sensor":1,"minecraft:copper_ore":4,"minecraft:tall_grass":30,"minecraft:deepslate_gold_ore":9,"minecraft:sculk":1,"minecraft:diorite":46,"minecraft:birch_leaves":7,"minecraft:yellow_bed":2,"minecraft:coal_ore":31,"minecraft:cocoa":9,"minecraft:gravel":11,"minecraft:fern":1},"minecraft:killed_by":{"minecraft:creeper":2,"minecraft:ravager":1,"minecraft:vindicator":1,"minecraft:zombie":1,"minecraft:player":5,"minecraft:enderman":1,"minecraft:warden":2,"minecraft:skeleton":3},"minecraft:custom":{"minecraft:interact_with_crafting_table":75,"minecraft:bell_ring":25,"minecraft:leave_game":12,"minecraft:time_since_death":62569,"minecraft:sprint_one_cm":1419507,"minecraft:damage_blocked_by_shield":2101,"minecraft:drop":89,"minecraft:talked_to_villager":7,"minecraft:play_time":539769,"minecraft:deaths":25,"minecraft:jump":5951,"minecraft:walk_on_water_one_cm":57017,"minecraft:interact_with_furnace":69,"minecraft:traded_with_villager":1,"minecraft:sleep_in_bed":24,"minecraft:damage_dealt":11584,"minecraft:player_kills":9,"minecraft:crouch_one_cm":136923,"minecraft:mob_kills":55,"minecraft:climb_one_cm":9072,"minecraft:walk_one_cm":1324172,"minecraft:damage_dealt_absorbed":303,"minecraft:sneak_time":60153,"minecraft:walk_under_water_one_cm":84352,"minecraft:boat_one_cm":383048,"minecraft:interact_with_blast_furnace":1,"minecraft:total_world_time":539769,"minecraft:raid_trigger":1,"minecraft:time_since_rest":15769,"minecraft:damage_taken":9360,"minecraft:damage_absorbed":189,"minecraft:swim_one_cm":66849,"minecraft:fly_one_cm":934989,"minecraft:open_chest":81,"minecraft:fall_one_cm":154968},"minecraft:used":{"minecraft:beetroot":1,"minecraft:oak_sign":5,"minecraft:chest":8,"minecraft:shield":50,"minecraft:iron_sword":247,"minecraft:rotten_flesh":9,"minecraft:iron_chestplate":3,"minecraft:mutton":6,"minecraft:jungle_planks":2,"minecraft:carrot":69,"minecraft:glass":65,"minecraft:birch_sapling":5,"minecraft:hay_block":1,"minecraft:furnace":5,"minecraft:oak_sapling":1,"minecraft:beetroot_seeds":1,"minecraft:potato":14,"minecraft:diorite":7,"minecraft:stone_pickaxe":505,"minecraft:oak_planks":371,"minecraft:wooden_pickaxe":79,"minecraft:sandstone":1,"minecraft:sugar_cane":7,"minecraft:jungle_boat":1,"minecraft:white_wool":2,"minecraft:golden_apple":21,"minecraft:glow_berries":3,"minecraft:sand":9,"minecraft:pumpkin_seeds":12,"minecraft:melon_slice":11,"minecraft:birch_slab":234,"minecraft:bread":3,"minecraft:oak_pressure_plate":8,"minecraft:gravel":7,"minecraft:wooden_sword":25,"minecraft:birch_log":1,"minecraft:andesite":79,"minecraft:bone_meal":3,"minecraft:oak_fence":41,"minecraft:stone_sword":158,"minecraft:flint_and_steel":29,"minecraft:stone_shovel":399,"minecraft:redstone":1,"minecraft:wooden_shovel":98,"minecraft:stone_hoe":86,"minecraft:cooked_chicken":4,"minecraft:torch":140,"minecraft:dirt":218,"minecraft:granite":28,"minecraft:birch_door":16,"minecraft:wooden_axe":120,"minecraft:iron_axe":225,"minecraft:oak_stairs":6,"minecraft:melon_seeds":16,"minecraft:beef":6,"minecraft:cooked_beef":2,"minecraft:cobbled_deepslate":1,"minecraft:golden_axe":33,"minecraft:iron_leggings":4,"minecraft:wheat_seeds":6,"minecraft:cooked_mutton":2,"minecraft:water_bucket":25,"minecraft:birch_planks":1,"minecraft:salmon":1,"minecraft:oak_slab":5,"minecraft:tnt":8,"minecraft:crafting_table":13,"minecraft:birch_sign":1,"minecraft:white_bed":5,"minecraft:cake":1,"minecraft:oak_log":1,"minecraft:wooden_hoe":90,"minecraft:black_wool":1,"minecraft:apple":5,"minecraft:iron_pickaxe":80,"minecraft:stone_axe":193,"minecraft:cobblestone":61,"minecraft:white_banner":1,"minecraft:bucket":26,"minecraft:pumpkin_pie":1,"minecraft:yellow_bed":2,"minecraft:birch_stairs":8,"minecraft:diamond_leggings":4,"minecraft:soul_torch":23},"minecraft:dropped":{"minecraft:iron_sword":1,"minecraft:candle":1,"minecraft:oak_log":4,"minecraft:glow_ink_sac":1,"minecraft:birch_slab":5,"minecraft:dirt":23,"minecraft:wooden_sword":1,"minecraft:gold_ingot":5,"minecraft:stone_axe":4,"minecraft:iron_nugget":20,"minecraft:beetroot":65,"minecraft:rotten_flesh":4,"minecraft:enchanted_golden_apple":128,"minecraft:recovery_compass":2,"minecraft:carrot":36,"minecraft:poppy":2,"minecraft:melon_seeds":5,"minecraft:glass":3,"minecraft:golden_boots":1,"minecraft:iron_ingot":25,"minecraft:wheat_seeds":3,"minecraft:feather":1,"minecraft:apple":1,"minecraft:golden_apple":64,"minecraft:stick":6,"minecraft:wooden_hoe":1,"minecraft:wooden_axe":1,"minecraft:iron_leggings":7,"minecraft:red_dye":1,"minecraft:music_disc_cat":1,"minecraft:soul_torch":108,"minecraft:stone_sword":2,"minecraft:stone_shovel":1,"minecraft:pumpkin_seeds":4,"minecraft:hay_block":15,"minecraft:oak_button":2,"minecraft:iron_chestplate":1,"minecraft:sandstone":1,"minecraft:stone_pickaxe":2,"minecraft:wooden_pickaxe":2,"minecraft:black_wool":2},"minecraft:killed":{"minecraft:spider":4,"minecraft:skeleton":5,"minecraft:chicken":5,"minecraft:pig":1,"minecraft:iron_golem":1,"minecraft:sheep":13,"minecraft:pillager":6,"minecraft:zombie":9,"minecraft:cow":7,"minecraft:vindicator":1,"minecraft:enderman":1},"minecraft:crafted":{"minecraft:oak_planks":408,"minecraft:oak_pressure_plate":4,"minecraft:cooked_chicken":5,"minecraft:birch_slab":216,"minecraft:cooked_mutton":7,"minecraft:cake":1,"minecraft:glass":30,"minecraft:melon_seeds":13,"minecraft:chest":8,"minecraft:oak_button":1,"minecraft:birch_door":6,"minecraft:stone_hoe":1,"minecraft:oak_fence":33,"minecraft:golden_boots":2,"minecraft:oak_slab":18,"minecraft:wooden_shovel":4,"minecraft:emerald":1,"minecraft:cooked_porkchop":2,"minecraft:crafting_table":11,"minecraft:jungle_boat":1,"minecraft:wooden_pickaxe":2,"minecraft:copper_ingot":1,"minecraft:pumpkin_seeds":12,"minecraft:birch_planks":124,"minecraft:iron_chestplate":1,"minecraft:wooden_hoe":2,"minecraft:charcoal":7,"minecraft:shield":1,"minecraft:stick":128,"minecraft:iron_ingot":45,"minecraft:iron_pickaxe":2,"minecraft:stone_sword":2,"minecraft:birch_stairs":8,"minecraft:wooden_sword":1,"minecraft:furnace":4,"minecraft:bone_meal":6,"minecraft:flint_and_steel":1,"minecraft:stone_pickaxe":4,"minecraft:wheat":576,"minecraft:cooked_beef":4,"minecraft:sugar":7,"minecraft:red_dye":1,"minecraft:iron_sword":1,"minecraft:bucket":1,"minecraft:stone_axe":2,"minecraft:jungle_planks":76,"minecraft:oak_stairs":12,"minecraft:wooden_axe":2,"minecraft:white_bed":1,"minecraft:pumpkin_pie":1,"minecraft:torch":152},"minecraft:broken":{"minecraft:wooden_shovel":1,"minecraft:stone_pickaxe":2,"minecraft:stone_axe":1,"minecraft:wooden_axe":2,"minecraft:stone_shovel":3,"minecraft:golden_axe":1,"minecraft:wooden_hoe":1}},"DataVersion":3337}