{"stats":{"minecraft:killed_by":{"minecraft:wither_skeleton":5,"minecraft:creeper":4,"minecraft:ravager":1,"minecraft:vindicator":1,"minecraft:zombie":4,"minecraft:player":14,"minecraft:enderman":3,"minecraft:warden":2,"minecraft:skeleton":4},"minecraft:mined":{"minecraft:stone_pressure_plate":1,"minecraft:white_bed":7,"minecraft:attached_melon_stem":2,"minecraft:oak_sapling":2,"minecraft:jungle_leaves":12,"minecraft:granite":67,"minecraft:grass_block":654,"minecraft:jungle_log":55,"minecraft:oak_pressure_plate":4,"minecraft:crimson_fungus":1,"minecraft:oak_wall_sign":5,"minecraft:nether_wart":8,"minecraft:magma_block":12,"minecraft:iron_ore":23,"minecraft:fire":4,"minecraft:pumpkin":29,"minecraft:deepslate_lapis_ore":3,"minecraft:azure_bluet":1,"minecraft:sculk_shrieker":2,"minecraft:oak_sign":6,"minecraft:dirt_path":10,"minecraft:oak_stairs":2,"minecraft:birch_wall_sign":1,"minecraft:white_banner":1,"minecraft:deepslate_redstone_ore":6,"minecraft:soul_wall_torch":2,"minecraft:melon_stem":1,"minecraft:crimson_nylium":10,"minecraft:torch":9,"minecraft:poppy":5,"minecraft:melon":31,"minecraft:chest":4,"minecraft:glass":3,"minecraft:cobblestone":89,"minecraft:sugar_cane":13,"minecraft:oak_planks":152,"minecraft:wall_torch":14,"minecraft:seagrass":1,"minecraft:mud":1,"minecraft:nether_wart_block":1,"minecraft:birch_log":35,"minecraft:wheat":31,"minecraft:birch_door":12,"minecraft:warped_fungus":2,"minecraft:grass":247,"minecraft:oak_log":167,"minecraft:beetroots":5,"minecraft:sand":81,"minecraft:dirt":355,"minecraft:netherrack":22,"minecraft:oak_leaves":56,"minecraft:deepslate":43,"minecraft:nether_gold_ore":7,"minecraft:deepslate_diamond_ore":1,"minecraft:glow_lichen":1,"minecraft:crimson_roots":3,"minecraft:redstone_wire":1,"minecraft:birch_slab":15,"minecraft:hay_block":83,"minecraft:furnace":1,"minecraft:carrots":28,"minecraft:andesite":150,"minecraft:potatoes":3,"minecraft:deepslate_iron_ore":10,"minecraft:vine":4,"minecraft:stripped_oak_log":1,"minecraft:bamboo":4,"minecraft:stone":436,"minecraft:bone_block":2,"minecraft:white_wool":2,"minecraft:soul_sand":6,"minecraft:dandelion":13,"minecraft:oak_fence":16,"minecraft:crafting_table":5,"minecraft:cornflower":1,"minecraft:sculk_sensor":1,"minecraft:tall_grass":31,"minecraft:copper_ore":12,"minecraft:deepslate_gold_ore":9,"minecraft:sculk":2,"minecraft:diorite":55,"minecraft:birch_leaves":7,"minecraft:yellow_bed":2,"minecraft:coal_ore":31,"minecraft:cocoa":9,"minecraft:gravel":11,"minecraft:fern":1},"minecraft:picked_up":{"minecraft:wooden_axe":5,"minecraft:birch_door":14,"minecraft:iron_chestplate":15,"minecraft:wheat":98,"minecraft:lead":39,"minecraft:oak_stairs":18,"minecraft:potion":16,"minecraft:enchanted_book":20,"minecraft:nether_brick":54,"minecraft:brewing_stand":5,"minecraft:light":2,"minecraft:golden_sword":3,"minecraft:music_disc_cat":6,"minecraft:string":200,"minecraft:raw_copper":180,"minecraft:iron_leggings":25,"minecraft:experience_bottle":14,"minecraft:oak_sign":143,"minecraft:beetroot":68,"minecraft:diamond_leggings":2,"minecraft:gold_nugget":174,"minecraft:cobbled_deepslate":292,"minecraft:bucket":282,"minecraft:wooden_shovel":2,"minecraft:iron_pickaxe":27,"minecraft:enchanted_golden_apple":655,"minecraft:melon_slice":517,"minecraft:furnace":1,"minecraft:golden_helmet":2,"minecraft:stick":56,"minecraft:music_disc_blocks":3,"minecraft:oak_fence":17,"minecraft:torch":620,"minecraft:porkchop":25,"minecraft:diorite":101,"minecraft:golden_chestplate":10,"minecraft:stone_sword":32,"minecraft:rotten_flesh":191,"minecraft:blaze_rod":67,"minecraft:blaze_powder":12,"minecraft:cobblestone":833,"minecraft:birch_log":35,"minecraft:magma_block":13,"minecraft:feather":18,"minecraft:cooked_beef":17,"minecraft:magma_cream":52,"minecraft:jungle_log":176,"minecraft:water_bucket":18,"minecraft:birch_slab":29,"minecraft:andesite":160,"minecraft:potato":43,"minecraft:flint":1,"minecraft:lapis_lazuli":158,"minecraft:dirt":2592,"minecraft:name_tag":6,"minecraft:leather_boots":3,"minecraft:bone":704,"minecraft:glass":112,"minecraft:bow":20,"minecraft:wheat_seeds":424,"minecraft:raw_gold":36,"minecraft:bamboo":17,"minecraft:stone_hoe":20,"minecraft:oak_planks":268,"minecraft:cooked_porkchop":25,"minecraft:music_disc_13":8,"minecraft:oak_pressure_plate":4,"minecraft:sand":66,"minecraft:jungle_planks":26,"minecraft:grass_block":3,"minecraft:spectral_arrow":24,"minecraft:chiseled_sandstone":1,"minecraft:sugar":35,"minecraft:diamond":4,"minecraft:crossbow":22,"minecraft:granite":85,"minecraft:bone_meal":6,"minecraft:golden_apple":829,"minecraft:emerald":69,"minecraft:bread":122,"minecraft:oak_sapling":26,"minecraft:netherrack":154,"minecraft:crimson_roots":3,"minecraft:mud":3,"minecraft:charcoal":86,"minecraft:cocoa_beans":33,"minecraft:crafting_table":6,"minecraft:azure_bluet":1,"minecraft:splash_potion":2,"minecraft:chicken":6,"minecraft:nether_wart":120,"minecraft:wooden_pickaxe":15,"minecraft:diamond_horse_armor":3,"minecraft:shield":41,"minecraft:cornflower":1,"minecraft:iron_axe":5,"minecraft:wooden_sword":9,"minecraft:flint_and_steel":3,"minecraft:blackstone":253,"minecraft:candle":33,"minecraft:netherite_sword":1,"minecraft:beef":34,"minecraft:music_disc_otherside":5,"minecraft:echo_shard":11,"minecraft:oak_boat":2,"minecraft:jungle_sapling":2,"minecraft:iron_nugget":20,"minecraft:poppy":13,"minecraft:sugar_cane":26,"minecraft:chest":4,"minecraft:birch_sapling":5,"minecraft:egg":71,"minecraft:raw_iron":111,"minecraft:sandstone":281,"minecraft:music_disc_mellohi":3,"minecraft:fire_charge":14,"minecraft:recovery_compass":2,"minecraft:carrot":385,"minecraft:redstone":187,"minecraft:stone_pressure_plate":1,"minecraft:tnt":12,"minecraft:stone_shovel":13,"minecraft:arrow":2187,"minecraft:beetroot_seeds":10,"minecraft:hay_block":176,"minecraft:totem_of_undying":1,"minecraft:saddle":6,"minecraft:gold_ingot":886,"minecraft:glow_berries":39,"minecraft:mutton":58,"minecraft:bone_block":4,"minecraft:white_wool":82,"minecraft:golden_carrot":7,"minecraft:glow_ink_sac":5,"minecraft:salmon":7,"minecraft:leather":132,"minecraft:cut_sandstone":3,"minecraft:filled_map":13,"minecraft:birch_planks":28,"minecraft:oak_log":182,"minecraft:golden_boots":9,"minecraft:yellow_bed":2,"minecraft:gunpowder":36,"minecraft:wooden_hoe":13,"minecraft:paper":6,"minecraft:white_banner":3,"minecraft:cooked_mutton":22,"minecraft:apple":80,"minecraft:iron_ingot":400,"minecraft:stone_pickaxe":32,"minecraft:glass_bottle":22,"minecraft:iron_sword":41,"minecraft:soul_sand":64,"minecraft:music_disc_chirp":4,"minecraft:book":142,"minecraft:sculk_catalyst":8,"minecraft:oak_slab":26,"minecraft:warped_fungus":3,"minecraft:milk_bucket":2,"minecraft:pumpkin":75,"minecraft:quartz":110,"minecraft:dandelion":23,"minecraft:gravel":10,"minecraft:birch_stairs":1,"minecraft:amethyst_shard":40,"minecraft:soul_torch":191,"minecraft:white_bed":8,"minecraft:crying_obsidian":3,"minecraft:spider_eye":119,"minecraft:stripped_jungle_log":64,"minecraft:pumpkin_seeds":36,"minecraft:stone_axe":26,"minecraft:iron_helmet":14,"minecraft:birch_sign":1,"minecraft:oak_button":7,"minecraft:black_wool":23,"minecraft:melon_seeds":21,"minecraft:coal":180,"minecraft:ender_pearl":7},"minecraft:dropped":{"minecraft:iron_sword":5,"minecraft:candle":1,"minecraft:oak_log":4,"minecraft:glow_ink_sac":1,"minecraft:ender_pearl":2,"minecraft:cooked_porkchop":4,"minecraft:birch_slab":5,"minecraft:dirt":89,"minecraft:wooden_sword":1,"minecraft:sugar":2,"minecraft:gold_ingot":11,"minecraft:bone":1,"minecraft:stone_axe":5,"minecraft:iron_nugget":20,"minecraft:cobbled_deepslate":33,"minecraft:beetroot":70,"minecraft:oak_planks":5,"minecraft:rotten_flesh":12,"minecraft:enchanted_golden_apple":128,"minecraft:recovery_compass":2,"minecraft:carrot":47,"minecraft:poppy":2,"minecraft:gunpowder":1,"minecraft:melon_seeds":5,"minecraft:arrow":65,"minecraft:glass":29,"minecraft:iron_ingot":25,"minecraft:water_bucket":1,"minecraft:golden_boots":1,"minecraft:wheat_seeds":27,"minecraft:feather":1,"minecraft:cobblestone":64,"minecraft:apple":1,"minecraft:granite":11,"minecraft:golden_apple":64,"minecraft:stick":11,"minecraft:wooden_hoe":1,"minecraft:wooden_axe":1,"minecraft:fire_charge":2,"minecraft:potion":1,"minecraft:iron_leggings":7,"minecraft:pumpkin":1,"minecraft:red_dye":1,"minecraft:iron_axe":3,"minecraft:music_disc_cat":1,"minecraft:soul_torch":108,"minecraft:stone_sword":3,"minecraft:stone_shovel":2,"minecraft:oak_sign":3,"minecraft:pumpkin_seeds":4,"minecraft:potato":2,"minecraft:hay_block":15,"minecraft:oak_button":2,"minecraft:iron_chestplate":1,"minecraft:sandstone":1,"minecraft:bow":1,"minecraft:stone_pickaxe":4,"minecraft:wooden_pickaxe":2,"minecraft:black_wool":2},"minecraft:broken":{"minecraft:golden_helmet":1,"minecraft:golden_boots":3,"minecraft:wooden_shovel":1,"minecraft:iron_leggings":1,"minecraft:stone_pickaxe":4,"minecraft:golden_sword":1,"minecraft:wooden_sword":1,"minecraft:stone_axe":2,"minecraft:wooden_axe":2,"minecraft:fishing_rod":1,"minecraft:bow":1,"minecraft:stone_shovel":6,"minecraft:stone_sword":1,"minecraft:golden_axe":1,"minecraft:wooden_hoe":1},"minecraft:used":{"minecraft:beetroot":1,"minecraft:poppy":5,"minecraft:oak_sign":20,"minecraft:chest":8,"minecraft:shield":76,"minecraft:iron_sword":642,"minecraft:rotten_flesh":10,"minecraft:iron_chestplate":4,"minecraft:mutton":6,"minecraft:jungle_planks":2,"minecraft:carrot":118,"minecraft:azure_bluet":1,"minecraft:glass":76,"minecraft:birch_sapling":5,"minecraft:iron_helmet":1,"minecraft:crimson_roots":3,"minecraft:golden_sword":32,"minecraft:magma_block":12,"minecraft:bow":59,"minecraft:hay_block":1,"minecraft:furnace":5,"minecraft:oak_sapling":19,"minecraft:beetroot_seeds":1,"minecraft:egg":1,"minecraft:potato":17,"minecraft:diorite":7,"minecraft:stone_pickaxe":808,"minecraft:oak_planks":371,"minecraft:blackstone":8,"minecraft:wooden_pickaxe":79,"minecraft:sandstone":1,"minecraft:sugar_cane":7,"minecraft:jungle_boat":1,"minecraft:glow_berries":3,"minecraft:white_wool":2,"minecraft:golden_apple":28,"minecraft:sand":9,"minecraft:crossbow":46,"minecraft:pumpkin_seeds":12,"minecraft:crying_obsidian":3,"minecraft:bread":6,"minecraft:birch_slab":234,"minecraft:melon_slice":188,"minecraft:oak_pressure_plate":8,"minecraft:gravel":7,"minecraft:wooden_sword":79,"minecraft:birch_log":1,"minecraft:andesite":114,"minecraft:air":1,"minecraft:tropical_fish_bucket":1,"minecraft:bone_meal":6,"minecraft:experience_bottle":4,"minecraft:oak_fence":51,"minecraft:stone_sword":176,"minecraft:flint_and_steel":29,"minecraft:stone_shovel":684,"minecraft:redstone":2,"minecraft:wooden_shovel":98,"minecraft:stone_hoe":111,"minecraft:cooked_chicken":4,"minecraft:netherrack":80,"minecraft:torch":220,"minecraft:brewing_stand":2,"minecraft:dirt":397,"minecraft:anvil":1,"minecraft:golden_chestplate":1,"minecraft:granite":29,"minecraft:birch_door":16,"minecraft:wooden_axe":120,"minecraft:iron_axe":225,"minecraft:oak_stairs":6,"minecraft:totem_of_undying":1,"minecraft:melon_seeds":18,"minecraft:beef":7,"minecraft:stone_pressure_plate":1,"minecraft:cooked_beef":2,"minecraft:cobbled_deepslate":1,"minecraft:enchanted_golden_apple":12,"minecraft:pumpkin":1,"minecraft:iron_leggings":4,"minecraft:golden_axe":33,"minecraft:wheat_seeds":6,"minecraft:cooked_mutton":2,"minecraft:water_bucket":97,"minecraft:birch_planks":1,"minecraft:glass_bottle":13,"minecraft:salmon":4,"minecraft:tnt":8,"minecraft:oak_slab":5,"minecraft:crafting_table":13,"minecraft:birch_sign":1,"minecraft:spider_eye":1,"minecraft:white_bed":7,"minecraft:cake":2,"minecraft:oak_log":1,"minecraft:mud":1,"minecraft:wooden_hoe":90,"minecraft:black_wool":1,"minecraft:apple":6,"minecraft:cornflower":1,"minecraft:chicken":1,"minecraft:iron_pickaxe":268,"minecraft:suspicious_stew":1,"minecraft:stone_axe":268,"minecraft:fishing_rod":24,"minecraft:cobblestone":313,"minecraft:potion":9,"minecraft:porkchop":10,"minecraft:white_banner":1,"minecraft:cooked_porkchop":8,"minecraft:bucket":99,"minecraft:pumpkin_pie":1,"minecraft:yellow_bed":2,"minecraft:splash_potion":1,"minecraft:birch_stairs":9,"minecraft:diamond_leggings":4,"minecraft:soul_torch":24},"minecraft:crafted":{"minecraft:oak_planks":436,"minecraft:oak_sign":6,"minecraft:oak_pressure_plate":4,"minecraft:blaze_powder":2,"minecraft:cooked_chicken":5,"minecraft:birch_slab":216,"minecraft:cooked_mutton":7,"minecraft:suspicious_stew":1,"minecraft:cake":2,"minecraft:glass":57,"minecraft:bow":20,"minecraft:melon_seeds":13,"minecraft:chest":8,"minecraft:oak_button":1,"minecraft:birch_door":6,"minecraft:stone_hoe":1,"minecraft:oak_fence":36,"minecraft:golden_sword":1,"minecraft:golden_boots":3,"minecraft:oak_slab":18,"minecraft:wooden_shovel":4,"minecraft:emerald":33,"minecraft:cooked_porkchop":2,"minecraft:crafting_table":11,"minecraft:jungle_boat":1,"minecraft:wooden_pickaxe":2,"minecraft:copper_ingot":1,"minecraft:birch_planks":124,"minecraft:pumpkin_seeds":12,"minecraft:tropical_fish_bucket":1,"minecraft:iron_chestplate":1,"minecraft:wooden_hoe":2,"minecraft:paper":3,"minecraft:charcoal":7,"minecraft:shield":1,"minecraft:stick":144,"minecraft:iron_ingot":45,"minecraft:iron_pickaxe":2,"minecraft:iron_block":3,"minecraft:stone_sword":2,"minecraft:gold_ingot":3,"minecraft:birch_stairs":8,"minecraft:golden_carrot":1,"minecraft:wooden_sword":1,"minecraft:stone_shovel":1,"minecraft:fishing_rod":1,"minecraft:golden_chestplate":1,"minecraft:furnace":4,"minecraft:bone_meal":6,"minecraft:flint_and_steel":1,"minecraft:stone_pickaxe":5,"minecraft:glistering_melon_slice":1,"minecraft:wheat":576,"minecraft:cooked_beef":4,"minecraft:sugar":7,"minecraft:red_dye":1,"minecraft:crossbow":1,"minecraft:iron_sword":1,"minecraft:bucket":1,"minecraft:stone_axe":2,"minecraft:enchanted_book":1,"minecraft:jungle_planks":76,"minecraft:golden_apple":3,"minecraft:oak_stairs":12,"minecraft:wooden_axe":2,"minecraft:anvil":1,"minecraft:white_bed":1,"minecraft:pumpkin_pie":1,"minecraft:torch":204},"minecraft:killed":{"minecraft:zombified_piglin":2,"minecraft:spider":6,"minecraft:skeleton":10,"minecraft:chicken":5,"minecraft:magma_cube":1,"minecraft:pig":1,"minecraft:salmon":1,"minecraft:iron_golem":1,"minecraft:creeper":1,"minecraft:sheep":13,"minecraft:trader_llama":2,"minecraft:pillager":7,"minecraft:zombie":18,"minecraft:blaze":10,"minecraft:cow":8,"minecraft:vindicator":1,"minecraft:hoglin":5,"minecraft:wither_skeleton":3,"minecraft:enderman":2},"minecraft:custom":{"minecraft:interact_with_crafting_table":102,"minecraft:bell_ring":25,"minecraft:eat_cake_slice":2,"minecraft:leave_game":26,"minecraft:time_since_death":4121,"minecraft:damage_resisted":687,"minecraft:sprint_one_cm":2640123,"minecraft:damage_blocked_by_shield":3481,"minecraft:drop":147,"minecraft:talked_to_villager":44,"minecraft:play_time":1019153,"minecraft:deaths":57,"minecraft:jump":10117,"minecraft:interact_with_brewingstand":28,"minecraft:walk_on_water_one_cm":130000,"minecraft:interact_with_furnace":77,"minecraft:traded_with_villager":36,"minecraft:sleep_in_bed":33,"minecraft:damage_dealt":22914,"minecraft:player_kills":20,"minecraft:crouch_one_cm":193296,"minecraft:mob_kills":100,"minecraft:interact_with_anvil":8,"minecraft:inspect_hopper":1,"minecraft:climb_one_cm":10155,"minecraft:walk_one_cm":2515456,"minecraft:damage_dealt_absorbed":303,"minecraft:sneak_time":84062,"minecraft:walk_under_water_one_cm":919738,"minecraft:boat_one_cm":383048,"minecraft:interact_with_blast_furnace":1,"minecraft:total_world_time":1019153,"minecraft:raid_trigger":1,"minecraft:time_since_rest":4168,"minecraft:damage_taken":28702,"minecraft:damage_absorbed":1674,"minecraft:trigger_trapped_chest":3,"minecraft:swim_one_cm":144525,"minecraft:fly_one_cm":1719256,"minecraft:open_chest":288,"minecraft:fall_one_cm":327148}},"DataVersion":3337}