{"stats":{"minecraft:picked_up":{"minecraft:wooden_axe":5,"minecraft:crafting_table":5,"minecraft:cocoa_beans":33,"minecraft:iron_chestplate":10,"minecraft:birch_door":8,"minecraft:wheat":68,"minecraft:chicken":5,"minecraft:lead":6,"minecraft:wooden_pickaxe":15,"minecraft:enchanted_book":14,"minecraft:potion":4,"minecraft:diamond_horse_armor":3,"minecraft:light":2,"minecraft:shield":15,"minecraft:iron_axe":1,"minecraft:music_disc_cat":6,"minecraft:raw_copper":13,"minecraft:wooden_sword":7,"minecraft:flint_and_steel":3,"minecraft:iron_leggings":13,"minecraft:experience_bottle":14,"minecraft:oak_sign":15,"minecraft:beetroot":4,"minecraft:diamond_leggings":2,"minecraft:candle":33,"minecraft:cobbled_deepslate":169,"minecraft:netherite_sword":1,"minecraft:music_disc_otherside":5,"minecraft:echo_shard":11,"minecraft:beef":25,"minecraft:oak_boat":2,"minecraft:jungle_sapling":2,"minecraft:wooden_shovel":2,"minecraft:poppy":8,"minecraft:iron_pickaxe":7,"minecraft:enchanted_golden_apple":132,"minecraft:sugar_cane":20,"minecraft:chest":4,"minecraft:birch_sapling":4,"minecraft:furnace":1,"minecraft:stick":24,"minecraft:raw_iron":108,"minecraft:torch":59,"minecraft:porkchop":2,"minecraft:diorite":87,"minecraft:carrot":305,"minecraft:redstone":24,"minecraft:rotten_flesh":31,"minecraft:tnt":12,"minecraft:arrow":43,"minecraft:stone_sword":30,"minecraft:stone_shovel":5,"minecraft:beetroot_seeds":8,"minecraft:hay_block":96,"minecraft:saddle":1,"minecraft:gold_ingot":56,"minecraft:glow_berries":39,"minecraft:mutton":58,"minecraft:white_wool":82,"minecraft:cobblestone":274,"minecraft:birch_log":33,"minecraft:water_bucket":1,"minecraft:feather":18,"minecraft:cooked_beef":17,"minecraft:salmon":2,"minecraft:andesite":125,"minecraft:glow_ink_sac":5,"minecraft:birch_slab":29,"minecraft:jungle_log":176,"minecraft:leather":24,"minecraft:potato":8,"minecraft:birch_planks":28,"minecraft:flint":1,"minecraft:oak_log":112,"minecraft:golden_boots":1,"minecraft:yellow_bed":2,"minecraft:gunpowder":27,"minecraft:wooden_hoe":13,"minecraft:dirt":736,"minecraft:white_banner":2,"minecraft:name_tag":6,"minecraft:cooked_mutton":22,"minecraft:bone":100,"minecraft:apple":39,"minecraft:wheat_seeds":235,"minecraft:raw_gold":36,"minecraft:iron_ingot":164,"minecraft:stone_pickaxe":29,"minecraft:iron_sword":12,"minecraft:oak_planks":263,"minecraft:book":141,"minecraft:sculk_catalyst":8,"minecraft:warped_fungus":2,"minecraft:pumpkin":50,"minecraft:music_disc_13":5,"minecraft:gravel":10,"minecraft:jungle_planks":26,"minecraft:amethyst_shard":40,"minecraft:soul_torch":190,"minecraft:white_bed":6,"minecraft:grass_block":3,"minecraft:spider_eye":2,"minecraft:stripped_jungle_log":64,"minecraft:pumpkin_seeds":12,"minecraft:diamond":4,"minecraft:stone_axe":22,"minecraft:granite":40,"minecraft:birch_sign":1,"minecraft:golden_apple":58,"minecraft:bread":44,"minecraft:emerald":51,"minecraft:oak_button":7,"minecraft:oak_sapling":1,"minecraft:black_wool":23,"minecraft:coal":175},"minecraft:mined":{"minecraft:white_bed":5,"minecraft:deepslate_diamond_ore":1,"minecraft:jungle_leaves":12,"minecraft:glow_lichen":1,"minecraft:granite":33,"minecraft:grass_block":360,"minecraft:jungle_log":55,"minecraft:birch_slab":14,"minecraft:hay_block":12,"minecraft:furnace":1,"minecraft:carrots":18,"minecraft:iron_ore":23,"minecraft:fire":2,"minecraft:andesite":115,"minecraft:pumpkin":10,"minecraft:sculk_shrieker":2,"minecraft:vine":4,"minecraft:deepslate_iron_ore":10,"minecraft:potatoes":3,"minecraft:oak_sign":1,"minecraft:dirt_path":1,"minecraft:birch_wall_sign":1,"minecraft:stripped_oak_log":1,"minecraft:stone":221,"minecraft:white_wool":2,"minecraft:soul_wall_torch":2,"minecraft:dandelion":2,"minecraft:crafting_table":4,"minecraft:torch":6,"minecraft:chest":4,"minecraft:sculk_sensor":1,"minecraft:cobblestone":27,"minecraft:copper_ore":4,"minecraft:tall_grass":27,"minecraft:deepslate_gold_ore":9,"minecraft:oak_planks":151,"minecraft:sugar_cane":4,"minecraft:sculk":1,"minecraft:diorite":46,"minecraft:wall_torch":11,"minecraft:birch_log":33,"minecraft:wheat":30,"minecraft:birch_leaves":3,"minecraft:birch_door":6,"minecraft:warped_fungus":1,"minecraft:yellow_bed":2,"minecraft:grass":213,"minecraft:coal_ore":31,"minecraft:oak_log":99,"minecraft:beetroots":1,"minecraft:cocoa":9,"minecraft:gravel":11,"minecraft:sand":1,"minecraft:dirt":113,"minecraft:oak_leaves":21,"minecraft:deepslate":29,"minecraft:fern":1},"minecraft:killed_by":{"minecraft:player":5,"minecraft:creeper":1,"minecraft:enderman":1,"minecraft:ravager":1,"minecraft:vindicator":1,"minecraft:warden":2,"minecraft:skeleton":2,"minecraft:zombie":1},"minecraft:custom":{"minecraft:mob_kills":54,"minecraft:interact_with_crafting_table":60,"minecraft:bell_ring":25,"minecraft:leave_game":10,"minecraft:time_since_death":1102,"minecraft:climb_one_cm":8808,"minecraft:sprint_one_cm":1036184,"minecraft:walk_one_cm":1020182,"minecraft:damage_blocked_by_shield":2051,"minecraft:drop":56,"minecraft:damage_dealt_absorbed":303,"minecraft:talked_to_villager":4,"minecraft:play_time":418079,"minecraft:deaths":22,"minecraft:sneak_time":57395,"minecraft:walk_under_water_one_cm":65000,"minecraft:boat_one_cm":383048,"minecraft:jump":4784,"minecraft:walk_on_water_one_cm":39959,"minecraft:total_world_time":418079,"minecraft:interact_with_furnace":60,"minecraft:raid_trigger":1,"minecraft:sleep_in_bed":17,"minecraft:time_since_rest":1144,"minecraft:damage_taken":7755,"minecraft:damage_absorbed":99,"minecraft:damage_dealt":11375,"minecraft:swim_one_cm":41188,"minecraft:fly_one_cm":720784,"minecraft:player_kills":9,"minecraft:open_chest":44,"minecraft:crouch_one_cm":130737,"minecraft:fall_one_cm":122590},"minecraft:used":{"minecraft:stone_sword":158,"minecraft:flint_and_steel":29,"minecraft:stone_shovel":266,"minecraft:redstone":1,"minecraft:oak_sign":4,"minecraft:chest":6,"minecraft:shield":49,"minecraft:iron_sword":239,"minecraft:wooden_shovel":86,"minecraft:cooked_chicken":4,"minecraft:rotten_flesh":9,"minecraft:iron_chestplate":3,"minecraft:torch":140,"minecraft:mutton":6,"minecraft:dirt":196,"minecraft:jungle_planks":2,"minecraft:carrot":53,"minecraft:granite":28,"minecraft:birch_door":10,"minecraft:wooden_axe":120,"minecraft:iron_axe":211,"minecraft:birch_sapling":4,"minecraft:beef":6,"minecraft:oak_sapling":1,"minecraft:furnace":4,"minecraft:beetroot_seeds":1,"minecraft:cooked_beef":2,"minecraft:potato":14,"minecraft:cobbled_deepslate":1,"minecraft:iron_leggings":4,"minecraft:cooked_mutton":2,"minecraft:water_bucket":6,"minecraft:diorite":7,"minecraft:birch_planks":1,"minecraft:stone_pickaxe":505,"minecraft:oak_planks":371,"minecraft:wooden_pickaxe":79,"minecraft:jungle_boat":1,"minecraft:white_wool":2,"minecraft:golden_apple":9,"minecraft:glow_berries":3,"minecraft:tnt":8,"minecraft:crafting_table":12,"minecraft:birch_sign":1,"minecraft:white_bed":5,"minecraft:oak_log":1,"minecraft:wooden_hoe":23,"minecraft:black_wool":1,"minecraft:apple":5,"minecraft:birch_slab":234,"minecraft:bread":3,"minecraft:iron_pickaxe":80,"minecraft:oak_pressure_plate":4,"minecraft:gravel":7,"minecraft:stone_axe":193,"minecraft:wooden_sword":25,"minecraft:cobblestone":61,"minecraft:bucket":7,"minecraft:andesite":79,"minecraft:birch_log":1,"minecraft:yellow_bed":2,"minecraft:soul_torch":22,"minecraft:diamond_leggings":3,"minecraft:birch_stairs":8},"minecraft:dropped":{"minecraft:iron_ingot":25,"minecraft:golden_boots":1,"minecraft:iron_sword":1,"minecraft:candle":1,"minecraft:oak_log":4,"minecraft:glow_ink_sac":1,"minecraft:feather":1,"minecraft:apple":1,"minecraft:birch_slab":5,"minecraft:stick":6,"minecraft:dirt":1,"minecraft:wooden_hoe":1,"minecraft:wooden_axe":1,"minecraft:wooden_sword":1,"minecraft:iron_leggings":7,"minecraft:music_disc_cat":1,"minecraft:stone_axe":4,"minecraft:soul_torch":108,"minecraft:stone_sword":2,"minecraft:stone_shovel":1,"minecraft:beetroot":1,"minecraft:rotten_flesh":1,"minecraft:enchanted_golden_apple":64,"minecraft:carrot":26,"minecraft:poppy":2,"minecraft:oak_button":2,"minecraft:iron_chestplate":1,"minecraft:wooden_pickaxe":2,"minecraft:stone_pickaxe":2,"minecraft:black_wool":2},"minecraft:killed":{"minecraft:vindicator":1,"minecraft:spider":3,"minecraft:skeleton":5,"minecraft:chicken":5,"minecraft:pig":1,"minecraft:iron_golem":1,"minecraft:sheep":13,"minecraft:pillager":6,"minecraft:zombie":9,"minecraft:enderman":1,"minecraft:cow":7},"minecraft:crafted":{"minecraft:wooden_sword":1,"minecraft:oak_planks":372,"minecraft:oak_pressure_plate":4,"minecraft:cooked_chicken":5,"minecraft:birch_slab":216,"minecraft:furnace":3,"minecraft:cooked_mutton":7,"minecraft:flint_and_steel":1,"minecraft:stone_pickaxe":4,"minecraft:chest":6,"minecraft:oak_button":1,"minecraft:birch_door":6,"minecraft:golden_boots":2,"minecraft:cooked_beef":4,"minecraft:wooden_shovel":3,"minecraft:cooked_porkchop":2,"minecraft:crafting_table":11,"minecraft:jungle_boat":1,"minecraft:wooden_pickaxe":2,"minecraft:iron_sword":1,"minecraft:copper_ingot":1,"minecraft:bucket":1,"minecraft:birch_planks":116,"minecraft:stone_axe":2,"minecraft:jungle_planks":76,"minecraft:wooden_hoe":1,"minecraft:iron_chestplate":1,"minecraft:charcoal":7,"minecraft:shield":1,"minecraft:stick":80,"minecraft:iron_pickaxe":2,"minecraft:iron_ingot":45,"minecraft:wooden_axe":2,"minecraft:stone_sword":2,"minecraft:white_bed":1,"minecraft:torch":152,"minecraft:birch_stairs":8},"minecraft:broken":{"minecraft:wooden_shovel":1,"minecraft:stone_pickaxe":2,"minecraft:stone_axe":1,"minecraft:wooden_axe":2,"minecraft:stone_shovel":2}},"DataVersion":3337}