{"stats":{"minecraft:picked_up":{"minecraft:arrow":1,"minecraft:bone":1},"minecraft:mined":{"minecraft:grass":3},"minecraft:used":{"minecraft:melon_slice":2},"minecraft:custom":{"minecraft:jump":117,"minecraft:open_chest":6,"minecraft:time_since_rest":7127,"minecraft:walk_on_water_one_cm":1725,"minecraft:damage_taken":200,"minecraft:interact_with_furnace":2,"minecraft:leave_game":3,"minecraft:sprint_one_cm":8382,"minecraft:play_time":13702,"minecraft:walk_one_cm":99548,"minecraft:time_since_death":13702,"minecraft:sleep_in_bed":1,"minecraft:total_world_time":13702,"minecraft:walk_under_water_one_cm":276,"minecraft:interact_with_anvil":1,"minecraft:fall_one_cm":873,"minecraft:fly_one_cm":59165}},"DataVersion":3337}