{"stats":{"minecraft:picked_up":{"minecraft:wooden_axe":2,"minecraft:iron_chestplate":1,"minecraft:crafting_table":1,"minecraft:wheat":11,"minecraft:lead":2,"minecraft:smithing_table":1,"minecraft:wooden_pickaxe":3,"minecraft:oak_stairs":1,"minecraft:potion":2,"minecraft:enchanted_book":4,"minecraft:music_disc_cat":2,"minecraft:raw_copper":31,"minecraft:iron_leggings":4,"minecraft:compass":2,"minecraft:experience_bottle":3,"minecraft:diamond_leggings":2,"minecraft:candle":8,"minecraft:smooth_stone":8,"minecraft:music_disc_otherside":2,"minecraft:beef":5,"minecraft:echo_shard":3,"minecraft:poppy":1,"minecraft:iron_pickaxe":2,"minecraft:chest":2,"minecraft:egg":2,"minecraft:furnace":1,"minecraft:stick":10,"minecraft:beehive":57,"minecraft:raw_iron":2,"minecraft:oak_door":2,"minecraft:composter":1,"minecraft:torch":15,"minecraft:porkchop":1,"minecraft:carrot":56,"minecraft:tnt":1,"minecraft:arrow":2,"minecraft:rotten_flesh":15,"minecraft:hay_block":5,"minecraft:glow_berries":6,"minecraft:cobblestone":262,"minecraft:birch_log":4,"minecraft:feather":1,"minecraft:cooked_beef":1,"minecraft:glow_ink_sac":1,"minecraft:birch_slab":9,"minecraft:andesite":2,"minecraft:potato":4,"minecraft:birch_planks":64,"minecraft:oak_log":73,"minecraft:yellow_bed":3,"minecraft:dirt":324,"minecraft:bone":41,"minecraft:apple":4,"minecraft:wheat_seeds":44,"minecraft:iron_ingot":1,"minecraft:stone_pickaxe":1,"minecraft:oak_planks":6,"minecraft:book":47,"minecraft:sculk_catalyst":2,"minecraft:music_disc_13":3,"minecraft:amethyst_shard":30,"minecraft:soul_torch":159,"minecraft:ink_sac":3,"minecraft:white_bed":2,"minecraft:stripped_jungle_log":191,"minecraft:sculk_sensor":1,"minecraft:stone_axe":1,"minecraft:golden_apple":1,"minecraft:emerald":3,"minecraft:bread":4,"minecraft:terracotta":1,"minecraft:oak_sapling":6,"minecraft:coal":134},"minecraft:mined":{"minecraft:white_bed":1,"minecraft:oak_door":2,"minecraft:grass_block":37,"minecraft:composter":1,"minecraft:sandstone":1,"minecraft:hay_block":5,"minecraft:smooth_stone":8,"minecraft:furnace":1,"minecraft:carrots":17,"minecraft:iron_ore":2,"minecraft:fire":1,"minecraft:andesite":1,"minecraft:potatoes":1,"minecraft:oak_stairs":1,"minecraft:stone":196,"minecraft:smithing_table":1,"minecraft:soul_wall_torch":3,"minecraft:glass_pane":3,"minecraft:soul_torch":2,"minecraft:crafting_table":1,"minecraft:torch":5,"minecraft:chest":2,"minecraft:tall_grass":6,"minecraft:copper_ore":4,"minecraft:oak_planks":8,"minecraft:wall_torch":11,"minecraft:seagrass":2,"minecraft:birch_log":4,"minecraft:wheat":14,"minecraft:birch_leaves":1,"minecraft:yellow_bed":3,"minecraft:grass":42,"minecraft:oak_log":83,"minecraft:dirt":136,"minecraft:sand":3,"minecraft:terracotta":1,"minecraft:oak_leaves":35},"minecraft:killed_by":{"minecraft:player":5,"minecraft:creeper":2,"minecraft:drowned":1,"minecraft:zombie":1},"minecraft:used":{"minecraft:flint_and_steel":1,"minecraft:poppy":1,"minecraft:rotten_flesh":3,"minecraft:torch":2,"minecraft:dirt":138,"minecraft:beehive":30,"minecraft:wooden_axe":16,"minecraft:furnace":1,"minecraft:stone_pickaxe":262,"minecraft:oak_planks":21,"minecraft:wooden_pickaxe":44,"minecraft:golden_apple":1,"minecraft:tnt":7,"minecraft:white_bed":1,"minecraft:apple":3,"minecraft:birch_slab":38,"minecraft:bread":3,"minecraft:iron_pickaxe":3,"minecraft:stone_axe":127,"minecraft:porkchop":1,"minecraft:soul_torch":7},"minecraft:custom":{"minecraft:interact_with_smithing_table":1,"minecraft:mob_kills":2,"minecraft:interact_with_crafting_table":7,"minecraft:bell_ring":6,"minecraft:leave_game":7,"minecraft:time_since_death":2029,"minecraft:climb_one_cm":625,"minecraft:sprint_one_cm":492430,"minecraft:walk_one_cm":543726,"minecraft:drop":44,"minecraft:play_time":157327,"minecraft:deaths":14,"minecraft:sneak_time":6144,"minecraft:walk_under_water_one_cm":15135,"minecraft:boat_one_cm":4819,"minecraft:jump":1652,"minecraft:walk_on_water_one_cm":19172,"minecraft:total_world_time":157327,"minecraft:interact_with_furnace":1,"minecraft:interact_with_grindstone":1,"minecraft:sleep_in_bed":1,"minecraft:time_since_rest":2204,"minecraft:damage_absorbed":39,"minecraft:damage_taken":3195,"minecraft:damage_dealt":1063,"minecraft:swim_one_cm":35869,"minecraft:fly_one_cm":133636,"minecraft:player_kills":2,"minecraft:open_chest":19,"minecraft:crouch_one_cm":9535,"minecraft:fall_one_cm":27706},"minecraft:dropped":{"minecraft:iron_ingot":1,"minecraft:candle":8,"minecraft:birch_planks":64,"minecraft:wheat_seeds":16,"minecraft:cooked_beef":1,"minecraft:oak_log":65,"minecraft:glow_ink_sac":1,"minecraft:smithing_table":1,"minecraft:feather":1,"minecraft:cobblestone":127,"minecraft:apple":1,"minecraft:birch_slab":6,"minecraft:music_disc_13":1,"minecraft:stick":8,"minecraft:dirt":1,"minecraft:torch":7,"minecraft:sculk_catalyst":2,"minecraft:wooden_axe":1,"minecraft:oak_stairs":1,"minecraft:amethyst_shard":20,"minecraft:birch_log":4,"minecraft:oak_door":2,"minecraft:raw_copper":5,"minecraft:wheat":5,"minecraft:raw_iron":2,"minecraft:composter":1,"minecraft:rotten_flesh":5,"minecraft:oak_planks":17,"minecraft:carrot":56,"minecraft:potato":4,"minecraft:yellow_bed":3,"minecraft:oak_sapling":7,"minecraft:chest":2,"minecraft:stone_pickaxe":1,"minecraft:wooden_pickaxe":2,"minecraft:egg":1},"minecraft:killed":{"minecraft:pig":1,"minecraft:zombie":2},"minecraft:crafted":{"minecraft:oak_planks":32,"minecraft:stone_pickaxe":1,"minecraft:wheat":27},"minecraft:broken":{"minecraft:stone_pickaxe":2,"minecraft:stone_axe":1}},"DataVersion":3337}