{"stats":{"minecraft:picked_up":{"minecraft:wooden_axe":5,"minecraft:birch_door":14,"minecraft:iron_chestplate":15,"minecraft:wheat":98,"minecraft:lead":23,"minecraft:oak_stairs":18,"minecraft:potion":4,"minecraft:enchanted_book":14,"minecraft:brewing_stand":5,"minecraft:light":2,"minecraft:golden_sword":1,"minecraft:music_disc_cat":6,"minecraft:string":160,"minecraft:raw_copper":180,"minecraft:iron_leggings":19,"minecraft:experience_bottle":14,"minecraft:oak_sign":33,"minecraft:beetroot":68,"minecraft:diamond_leggings":2,"minecraft:gold_nugget":30,"minecraft:cobbled_deepslate":169,"minecraft:bucket":109,"minecraft:wooden_shovel":2,"minecraft:iron_pickaxe":15,"minecraft:enchanted_golden_apple":603,"minecraft:melon_slice":109,"minecraft:furnace":1,"minecraft:stick":50,"minecraft:oak_fence":12,"minecraft:torch":356,"minecraft:porkchop":19,"minecraft:diorite":101,"minecraft:stone_sword":31,"minecraft:rotten_flesh":92,"minecraft:cobblestone":583,"minecraft:birch_log":35,"minecraft:magma_block":13,"minecraft:feather":18,"minecraft:cooked_beef":17,"minecraft:jungle_log":176,"minecraft:birch_slab":29,"minecraft:water_bucket":13,"minecraft:andesite":125,"minecraft:potato":41,"minecraft:flint":1,"minecraft:dirt":2052,"minecraft:name_tag":6,"minecraft:bone":643,"minecraft:glass":96,"minecraft:wheat_seeds":308,"minecraft:raw_gold":36,"minecraft:bamboo":17,"minecraft:oak_planks":268,"minecraft:stone_hoe":7,"minecraft:music_disc_13":5,"minecraft:oak_pressure_plate":4,"minecraft:sand":66,"minecraft:jungle_planks":26,"minecraft:grass_block":3,"minecraft:chiseled_sandstone":1,"minecraft:sugar":18,"minecraft:diamond":4,"minecraft:crossbow":9,"minecraft:granite":74,"minecraft:bone_meal":6,"minecraft:golden_apple":661,"minecraft:bread":86,"minecraft:emerald":69,"minecraft:oak_sapling":18,"minecraft:charcoal":86,"minecraft:cocoa_beans":33,"minecraft:crafting_table":6,"minecraft:chicken":5,"minecraft:wooden_pickaxe":15,"minecraft:diamond_horse_armor":3,"minecraft:shield":22,"minecraft:iron_axe":5,"minecraft:wooden_sword":7,"minecraft:flint_and_steel":3,"minecraft:blackstone":45,"minecraft:candle":33,"minecraft:netherite_sword":1,"minecraft:beef":27,"minecraft:music_disc_otherside":5,"minecraft:echo_shard":11,"minecraft:oak_boat":2,"minecraft:jungle_sapling":2,"minecraft:iron_nugget":20,"minecraft:poppy":8,"minecraft:sugar_cane":26,"minecraft:chest":4,"minecraft:birch_sapling":5,"minecraft:egg":67,"minecraft:raw_iron":108,"minecraft:sandstone":281,"minecraft:recovery_compass":2,"minecraft:carrot":330,"minecraft:redstone":24,"minecraft:tnt":12,"minecraft:arrow":61,"minecraft:stone_shovel":10,"minecraft:beetroot_seeds":10,"minecraft:hay_block":176,"minecraft:saddle":1,"minecraft:gold_ingot":505,"minecraft:mutton":58,"minecraft:glow_berries":39,"minecraft:white_wool":82,"minecraft:glow_ink_sac":5,"minecraft:salmon":7,"minecraft:leather":48,"minecraft:cut_sandstone":3,"minecraft:birch_planks":28,"minecraft:oak_log":139,"minecraft:golden_boots":5,"minecraft:yellow_bed":2,"minecraft:gunpowder":32,"minecraft:wooden_hoe":13,"minecraft:paper":6,"minecraft:white_banner":3,"minecraft:cooked_mutton":22,"minecraft:apple":79,"minecraft:iron_ingot":358,"minecraft:stone_pickaxe":32,"minecraft:iron_sword":21,"minecraft:book":142,"minecraft:sculk_catalyst":8,"minecraft:oak_slab":26,"minecraft:warped_fungus":3,"minecraft:milk_bucket":2,"minecraft:pumpkin":67,"minecraft:dandelion":12,"minecraft:gravel":10,"minecraft:birch_stairs":1,"minecraft:amethyst_shard":40,"minecraft:soul_torch":191,"minecraft:white_bed":8,"minecraft:spider_eye":3,"minecraft:stripped_jungle_log":64,"minecraft:pumpkin_seeds":20,"minecraft:stone_axe":25,"minecraft:iron_helmet":2,"minecraft:birch_sign":1,"minecraft:oak_button":7,"minecraft:melon_seeds":14,"minecraft:black_wool":23,"minecraft:coal":175,"minecraft:ender_pearl":1},"minecraft:mined":{"minecraft:white_bed":7,"minecraft:attached_melon_stem":2,"minecraft:oak_sapling":2,"minecraft:jungle_leaves":12,"minecraft:granite":67,"minecraft:grass_block":631,"minecraft:jungle_log":55,"minecraft:oak_pressure_plate":4,"minecraft:oak_wall_sign":1,"minecraft:magma_block":12,"minecraft:fire":4,"minecraft:iron_ore":23,"minecraft:pumpkin":27,"minecraft:sculk_shrieker":2,"minecraft:oak_sign":5,"minecraft:dirt_path":9,"minecraft:oak_stairs":2,"minecraft:birch_wall_sign":1,"minecraft:white_banner":1,"minecraft:soul_wall_torch":2,"minecraft:melon_stem":1,"minecraft:torch":9,"minecraft:melon":20,"minecraft:chest":4,"minecraft:glass":3,"minecraft:cobblestone":88,"minecraft:sugar_cane":13,"minecraft:oak_planks":152,"minecraft:wall_torch":14,"minecraft:seagrass":1,"minecraft:birch_log":35,"minecraft:wheat":31,"minecraft:birch_door":12,"minecraft:warped_fungus":2,"minecraft:grass":235,"minecraft:oak_log":124,"minecraft:beetroots":5,"minecraft:sand":81,"minecraft:dirt":329,"minecraft:oak_leaves":34,"minecraft:deepslate":29,"minecraft:deepslate_diamond_ore":1,"minecraft:glow_lichen":1,"minecraft:crimson_roots":1,"minecraft:birch_slab":14,"minecraft:hay_block":83,"minecraft:furnace":1,"minecraft:carrots":22,"minecraft:andesite":115,"minecraft:potatoes":3,"minecraft:deepslate_iron_ore":10,"minecraft:vine":4,"minecraft:stripped_oak_log":1,"minecraft:bamboo":4,"minecraft:stone":427,"minecraft:white_wool":2,"minecraft:dandelion":2,"minecraft:oak_fence":12,"minecraft:crafting_table":5,"minecraft:sculk_sensor":1,"minecraft:copper_ore":12,"minecraft:tall_grass":30,"minecraft:deepslate_gold_ore":9,"minecraft:sculk":1,"minecraft:diorite":55,"minecraft:birch_leaves":7,"minecraft:yellow_bed":2,"minecraft:coal_ore":31,"minecraft:cocoa":9,"minecraft:gravel":11,"minecraft:fern":1},"minecraft:killed_by":{"minecraft:creeper":3,"minecraft:ravager":1,"minecraft:vindicator":1,"minecraft:zombie":3,"minecraft:player":5,"minecraft:enderman":3,"minecraft:warden":2,"minecraft:skeleton":3},"minecraft:custom":{"minecraft:interact_with_crafting_table":92,"minecraft:bell_ring":25,"minecraft:eat_cake_slice":2,"minecraft:leave_game":16,"minecraft:time_since_death":4937,"minecraft:damage_resisted":687,"minecraft:sprint_one_cm":1950524,"minecraft:damage_blocked_by_shield":3346,"minecraft:drop":127,"minecraft:talked_to_villager":37,"minecraft:play_time":768535,"minecraft:deaths":33,"minecraft:jump":7682,"minecraft:interact_with_brewingstand":1,"minecraft:walk_on_water_one_cm":106473,"minecraft:interact_with_furnace":72,"minecraft:traded_with_villager":36,"minecraft:sleep_in_bed":33,"minecraft:damage_dealt":17495,"minecraft:player_kills":18,"minecraft:crouch_one_cm":176430,"minecraft:mob_kills":76,"minecraft:interact_with_anvil":1,"minecraft:inspect_hopper":1,"minecraft:climb_one_cm":9316,"minecraft:walk_one_cm":1849193,"minecraft:damage_dealt_absorbed":303,"minecraft:sneak_time":75356,"minecraft:walk_under_water_one_cm":617563,"minecraft:boat_one_cm":383048,"minecraft:interact_with_blast_furnace":1,"minecraft:total_world_time":768535,"minecraft:raid_trigger":1,"minecraft:time_since_rest":5003,"minecraft:damage_taken":16699,"minecraft:damage_absorbed":1625,"minecraft:trigger_trapped_chest":3,"minecraft:swim_one_cm":137291,"minecraft:fly_one_cm":1191915,"minecraft:open_chest":137,"minecraft:fall_one_cm":223538},"minecraft:used":{"minecraft:beetroot":1,"minecraft:oak_sign":8,"minecraft:chest":8,"minecraft:shield":73,"minecraft:iron_sword":465,"minecraft:rotten_flesh":9,"minecraft:iron_chestplate":4,"minecraft:mutton":6,"minecraft:jungle_planks":2,"minecraft:carrot":76,"minecraft:glass":76,"minecraft:birch_sapling":5,"minecraft:golden_sword":32,"minecraft:magma_block":12,"minecraft:hay_block":1,"minecraft:furnace":5,"minecraft:oak_sapling":18,"minecraft:beetroot_seeds":1,"minecraft:potato":17,"minecraft:diorite":7,"minecraft:stone_pickaxe":765,"minecraft:oak_planks":371,"minecraft:wooden_pickaxe":79,"minecraft:sandstone":1,"minecraft:sugar_cane":7,"minecraft:jungle_boat":1,"minecraft:white_wool":2,"minecraft:golden_apple":28,"minecraft:glow_berries":3,"minecraft:sand":9,"minecraft:crossbow":7,"minecraft:pumpkin_seeds":12,"minecraft:bread":3,"minecraft:birch_slab":234,"minecraft:melon_slice":75,"minecraft:oak_pressure_plate":8,"minecraft:gravel":7,"minecraft:wooden_sword":25,"minecraft:birch_log":1,"minecraft:andesite":79,"minecraft:tropical_fish_bucket":1,"minecraft:bone_meal":6,"minecraft:oak_fence":48,"minecraft:stone_sword":158,"minecraft:flint_and_steel":29,"minecraft:stone_shovel":683,"minecraft:redstone":1,"minecraft:wooden_shovel":98,"minecraft:stone_hoe":90,"minecraft:cooked_chicken":4,"minecraft:torch":219,"minecraft:brewing_stand":2,"minecraft:dirt":374,"minecraft:anvil":1,"minecraft:granite":29,"minecraft:birch_door":16,"minecraft:wooden_axe":120,"minecraft:iron_axe":225,"minecraft:oak_stairs":6,"minecraft:melon_seeds":16,"minecraft:beef":7,"minecraft:cooked_beef":2,"minecraft:cobbled_deepslate":1,"minecraft:enchanted_golden_apple":12,"minecraft:golden_axe":33,"minecraft:iron_leggings":4,"minecraft:wheat_seeds":6,"minecraft:cooked_mutton":2,"minecraft:water_bucket":92,"minecraft:birch_planks":1,"minecraft:salmon":4,"minecraft:tnt":8,"minecraft:oak_slab":5,"minecraft:crafting_table":13,"minecraft:birch_sign":1,"minecraft:white_bed":7,"minecraft:cake":2,"minecraft:oak_log":1,"minecraft:wooden_hoe":90,"minecraft:black_wool":1,"minecraft:apple":6,"minecraft:suspicious_stew":1,"minecraft:iron_pickaxe":195,"minecraft:stone_axe":205,"minecraft:fishing_rod":24,"minecraft:cobblestone":302,"minecraft:white_banner":1,"minecraft:porkchop":4,"minecraft:bucket":95,"minecraft:pumpkin_pie":1,"minecraft:yellow_bed":2,"minecraft:birch_stairs":9,"minecraft:diamond_leggings":4,"minecraft:soul_torch":24},"minecraft:dropped":{"minecraft:iron_sword":5,"minecraft:candle":1,"minecraft:oak_log":4,"minecraft:glow_ink_sac":1,"minecraft:birch_slab":5,"minecraft:dirt":89,"minecraft:wooden_sword":1,"minecraft:gold_ingot":8,"minecraft:bone":1,"minecraft:stone_axe":5,"minecraft:iron_nugget":20,"minecraft:beetroot":70,"minecraft:rotten_flesh":12,"minecraft:oak_planks":5,"minecraft:enchanted_golden_apple":128,"minecraft:recovery_compass":2,"minecraft:carrot":36,"minecraft:poppy":2,"minecraft:gunpowder":1,"minecraft:melon_seeds":5,"minecraft:arrow":1,"minecraft:glass":29,"minecraft:golden_boots":1,"minecraft:iron_ingot":25,"minecraft:water_bucket":1,"minecraft:wheat_seeds":3,"minecraft:feather":1,"minecraft:cobblestone":64,"minecraft:apple":1,"minecraft:golden_apple":64,"minecraft:stick":10,"minecraft:wooden_hoe":1,"minecraft:wooden_axe":1,"minecraft:iron_leggings":7,"minecraft:iron_axe":3,"minecraft:red_dye":1,"minecraft:music_disc_cat":1,"minecraft:soul_torch":108,"minecraft:stone_sword":3,"minecraft:stone_shovel":2,"minecraft:oak_sign":2,"minecraft:pumpkin_seeds":4,"minecraft:potato":2,"minecraft:hay_block":15,"minecraft:oak_button":2,"minecraft:iron_chestplate":1,"minecraft:sandstone":1,"minecraft:stone_pickaxe":4,"minecraft:wooden_pickaxe":2,"minecraft:black_wool":2},"minecraft:killed":{"minecraft:zombified_piglin":2,"minecraft:spider":6,"minecraft:skeleton":7,"minecraft:chicken":5,"minecraft:pig":1,"minecraft:salmon":1,"minecraft:iron_golem":1,"minecraft:sheep":13,"minecraft:trader_llama":2,"minecraft:pillager":7,"minecraft:zombie":15,"minecraft:cow":8,"minecraft:vindicator":1,"minecraft:hoglin":2,"minecraft:enderman":2},"minecraft:crafted":{"minecraft:oak_planks":420,"minecraft:oak_pressure_plate":4,"minecraft:cooked_chicken":5,"minecraft:birch_slab":216,"minecraft:cooked_mutton":7,"minecraft:suspicious_stew":1,"minecraft:cake":2,"minecraft:glass":57,"minecraft:melon_seeds":13,"minecraft:chest":8,"minecraft:oak_button":1,"minecraft:birch_door":6,"minecraft:stone_hoe":1,"minecraft:oak_fence":36,"minecraft:golden_sword":1,"minecraft:golden_boots":2,"minecraft:oak_slab":18,"minecraft:wooden_shovel":4,"minecraft:emerald":33,"minecraft:cooked_porkchop":2,"minecraft:crafting_table":11,"minecraft:jungle_boat":1,"minecraft:wooden_pickaxe":2,"minecraft:copper_ingot":1,"minecraft:birch_planks":124,"minecraft:pumpkin_seeds":12,"minecraft:tropical_fish_bucket":1,"minecraft:iron_chestplate":1,"minecraft:wooden_hoe":2,"minecraft:paper":3,"minecraft:charcoal":7,"minecraft:shield":1,"minecraft:stick":136,"minecraft:iron_ingot":45,"minecraft:iron_pickaxe":2,"minecraft:iron_block":3,"minecraft:stone_sword":2,"minecraft:birch_stairs":8,"minecraft:wooden_sword":1,"minecraft:stone_shovel":1,"minecraft:fishing_rod":1,"minecraft:furnace":4,"minecraft:bone_meal":6,"minecraft:flint_and_steel":1,"minecraft:stone_pickaxe":5,"minecraft:wheat":576,"minecraft:cooked_beef":4,"minecraft:sugar":7,"minecraft:red_dye":1,"minecraft:crossbow":1,"minecraft:iron_sword":1,"minecraft:bucket":1,"minecraft:stone_axe":2,"minecraft:enchanted_book":1,"minecraft:jungle_planks":76,"minecraft:oak_stairs":12,"minecraft:wooden_axe":2,"minecraft:anvil":1,"minecraft:white_bed":1,"minecraft:pumpkin_pie":1,"minecraft:torch":204},"minecraft:broken":{"minecraft:golden_boots":2,"minecraft:wooden_shovel":1,"minecraft:iron_leggings":1,"minecraft:stone_pickaxe":4,"minecraft:golden_sword":1,"minecraft:stone_axe":2,"minecraft:wooden_axe":2,"minecraft:fishing_rod":1,"minecraft:stone_shovel":6,"minecraft:golden_axe":1,"minecraft:wooden_hoe":1}},"DataVersion":3337}