{"stats":{"minecraft:broken":{"minecraft:stone_pickaxe":2,"minecraft:wooden_axe":2,"minecraft:stone_shovel":2},"minecraft:killed_by":{"minecraft:player":4,"minecraft:creeper":1,"minecraft:enderman":1,"minecraft:warden":2,"minecraft:skeleton":1,"minecraft:zombie":1},"minecraft:mined":{"minecraft:white_bed":4,"minecraft:deepslate_diamond_ore":1,"minecraft:jungle_leaves":12,"minecraft:glow_lichen":1,"minecraft:granite":33,"minecraft:grass_block":332,"minecraft:jungle_log":55,"minecraft:birch_slab":13,"minecraft:hay_block":12,"minecraft:carrots":18,"minecraft:iron_ore":23,"minecraft:andesite":115,"minecraft:pumpkin":10,"minecraft:sculk_shrieker":1,"minecraft:deepslate_iron_ore":10,"minecraft:potatoes":3,"minecraft:vine":4,"minecraft:stripped_oak_log":1,"minecraft:birch_wall_sign":1,"minecraft:stone":221,"minecraft:dandelion":2,"minecraft:crafting_table":4,"minecraft:torch":6,"minecraft:chest":4,"minecraft:cobblestone":19,"minecraft:tall_grass":27,"minecraft:copper_ore":4,"minecraft:deepslate_gold_ore":9,"minecraft:oak_planks":32,"minecraft:sugar_cane":2,"minecraft:sculk":1,"minecraft:diorite":46,"minecraft:wall_torch":11,"minecraft:birch_log":32,"minecraft:wheat":30,"minecraft:birch_leaves":3,"minecraft:yellow_bed":2,"minecraft:grass":199,"minecraft:oak_log":42,"minecraft:coal_ore":31,"minecraft:cocoa":9,"minecraft:beetroots":1,"minecraft:dirt":81,"minecraft:sand":1,"minecraft:gravel":3,"minecraft:oak_leaves":3,"minecraft:deepslate":29,"minecraft:fern":1},"minecraft:killed":{"minecraft:spider":1,"minecraft:skeleton":2,"minecraft:chicken":5,"minecraft:pig":1,"minecraft:iron_golem":1,"minecraft:sheep":9,"minecraft:zombie":2,"minecraft:cow":3},"minecraft:custom":{"minecraft:mob_kills":25,"minecraft:interact_with_crafting_table":47,"minecraft:bell_ring":14,"minecraft:leave_game":6,"minecraft:time_since_death":21811,"minecraft:climb_one_cm":8808,"minecraft:sprint_one_cm":468933,"minecraft:walk_one_cm":639430,"minecraft:damage_blocked_by_shield":1120,"minecraft:drop":39,"minecraft:talked_to_villager":4,"minecraft:play_time":292342,"minecraft:deaths":16,"minecraft:sneak_time":53322,"minecraft:walk_under_water_one_cm":54621,"minecraft:boat_one_cm":66800,"minecraft:jump":2669,"minecraft:walk_on_water_one_cm":18677,"minecraft:total_world_time":292342,"minecraft:interact_with_furnace":54,"minecraft:sleep_in_bed":10,"minecraft:time_since_rest":21863,"minecraft:damage_taken":5046,"minecraft:damage_dealt":5110,"minecraft:swim_one_cm":31288,"minecraft:fly_one_cm":291461,"minecraft:player_kills":6,"minecraft:open_chest":19,"minecraft:crouch_one_cm":119822,"minecraft:fall_one_cm":65532},"minecraft:dropped":{"minecraft:iron_ingot":11,"minecraft:iron_sword":1,"minecraft:candle":1,"minecraft:oak_log":4,"minecraft:feather":1,"minecraft:birch_slab":5,"minecraft:wooden_hoe":1,"minecraft:wooden_axe":1,"minecraft:wooden_sword":1,"minecraft:music_disc_cat":1,"minecraft:stone_axe":4,"minecraft:stone_sword":2,"minecraft:stone_shovel":1,"minecraft:beetroot":1,"minecraft:rotten_flesh":1,"minecraft:carrot":26,"minecraft:poppy":2,"minecraft:oak_button":2,"minecraft:iron_chestplate":1,"minecraft:stone_pickaxe":2,"minecraft:wooden_pickaxe":2,"minecraft:black_wool":2},"minecraft:used":{"minecraft:stone_sword":158,"minecraft:stone_shovel":266,"minecraft:redstone":1,"minecraft:chest":4,"minecraft:shield":25,"minecraft:iron_sword":21,"minecraft:wooden_shovel":24,"minecraft:cooked_chicken":4,"minecraft:rotten_flesh":4,"minecraft:iron_chestplate":1,"minecraft:torch":140,"minecraft:mutton":6,"minecraft:dirt":75,"minecraft:jungle_planks":2,"minecraft:carrot":40,"minecraft:granite":28,"minecraft:wooden_axe":120,"minecraft:birch_sapling":4,"minecraft:beef":1,"minecraft:furnace":2,"minecraft:beetroot_seeds":1,"minecraft:cooked_beef":1,"minecraft:potato":14,"minecraft:cobbled_deepslate":1,"minecraft:cooked_mutton":2,"minecraft:diorite":7,"minecraft:birch_planks":1,"minecraft:stone_pickaxe":505,"minecraft:oak_planks":77,"minecraft:wooden_pickaxe":79,"minecraft:jungle_boat":1,"minecraft:glow_berries":3,"minecraft:crafting_table":11,"minecraft:birch_sign":1,"minecraft:white_bed":4,"minecraft:oak_log":1,"minecraft:wooden_hoe":23,"minecraft:apple":1,"minecraft:bread":1,"minecraft:birch_slab":232,"minecraft:iron_pickaxe":50,"minecraft:stone_axe":161,"minecraft:wooden_sword":25,"minecraft:cobblestone":54,"minecraft:birch_log":1,"minecraft:andesite":79,"minecraft:yellow_bed":2},"minecraft:picked_up":{"minecraft:wooden_axe":5,"minecraft:cocoa_beans":33,"minecraft:iron_chestplate":8,"minecraft:crafting_table":4,"minecraft:wheat":68,"minecraft:chicken":5,"minecraft:wooden_pickaxe":15,"minecraft:enchanted_book":6,"minecraft:diamond_horse_armor":1,"minecraft:shield":12,"minecraft:music_disc_cat":6,"minecraft:raw_copper":13,"minecraft:wooden_sword":7,"minecraft:iron_leggings":1,"minecraft:experience_bottle":5,"minecraft:beetroot":4,"minecraft:candle":1,"minecraft:cobbled_deepslate":169,"minecraft:music_disc_otherside":1,"minecraft:echo_shard":2,"minecraft:beef":5,"minecraft:jungle_sapling":2,"minecraft:wooden_shovel":2,"minecraft:poppy":8,"minecraft:iron_pickaxe":4,"minecraft:sugar_cane":8,"minecraft:chest":4,"minecraft:birch_sapling":4,"minecraft:raw_iron":108,"minecraft:stick":24,"minecraft:torch":59,"minecraft:porkchop":2,"minecraft:diorite":87,"minecraft:carrot":230,"minecraft:redstone":24,"minecraft:rotten_flesh":17,"minecraft:stone_sword":30,"minecraft:arrow":20,"minecraft:stone_shovel":5,"minecraft:beetroot_seeds":8,"minecraft:hay_block":96,"minecraft:saddle":1,"minecraft:glow_berries":21,"minecraft:mutton":37,"minecraft:white_wool":68,"minecraft:cobblestone":247,"minecraft:birch_log":31,"minecraft:feather":18,"minecraft:cooked_beef":14,"minecraft:birch_slab":26,"minecraft:jungle_log":176,"minecraft:andesite":125,"minecraft:leather":3,"minecraft:potato":6,"minecraft:birch_planks":1,"minecraft:oak_log":52,"minecraft:yellow_bed":2,"minecraft:gunpowder":27,"minecraft:wooden_hoe":13,"minecraft:dirt":523,"minecraft:name_tag":6,"minecraft:cooked_mutton":22,"minecraft:bone":75,"minecraft:apple":30,"minecraft:wheat_seeds":206,"minecraft:raw_gold":36,"minecraft:iron_ingot":59,"minecraft:stone_pickaxe":29,"minecraft:iron_sword":8,"minecraft:oak_planks":124,"minecraft:pumpkin":50,"minecraft:gravel":3,"minecraft:jungle_planks":26,"minecraft:white_bed":4,"minecraft:pumpkin_seeds":12,"minecraft:diamond":4,"minecraft:stone_axe":22,"minecraft:granite":40,"minecraft:birch_sign":1,"minecraft:golden_apple":3,"minecraft:bread":36,"minecraft:emerald":36,"minecraft:oak_button":7,"minecraft:black_wool":22,"minecraft:coal":154},"minecraft:crafted":{"minecraft:wooden_sword":1,"minecraft:oak_planks":156,"minecraft:cooked_chicken":5,"minecraft:birch_slab":216,"minecraft:furnace":2,"minecraft:cooked_mutton":7,"minecraft:stone_pickaxe":4,"minecraft:chest":4,"minecraft:oak_button":1,"minecraft:cooked_beef":4,"minecraft:wooden_shovel":2,"minecraft:cooked_porkchop":2,"minecraft:crafting_table":9,"minecraft:jungle_boat":1,"minecraft:wooden_pickaxe":2,"minecraft:iron_sword":1,"minecraft:copper_ingot":1,"minecraft:birch_planks":116,"minecraft:stone_axe":2,"minecraft:jungle_planks":76,"minecraft:iron_chestplate":1,"minecraft:wooden_hoe":1,"minecraft:charcoal":7,"minecraft:shield":1,"minecraft:stick":72,"minecraft:iron_ingot":30,"minecraft:iron_pickaxe":2,"minecraft:wooden_axe":2,"minecraft:stone_sword":2,"minecraft:white_bed":1,"minecraft:torch":152}},"DataVersion":3337}