{"stats":{"minecraft:crafted":{"minecraft:oak_planks":20,"minecraft:iron_sword":1,"minecraft:furnace":1,"minecraft:cooked_mutton":3,"minecraft:iron_chestplate":1,"minecraft:stick":4,"minecraft:iron_ingot":3,"minecraft:iron_pickaxe":1},"minecraft:used":{"minecraft:cooked_mutton":7,"minecraft:stone_sword":55,"minecraft:stone_shovel":3,"minecraft:stone_pickaxe":40,"minecraft:iron_sword":33,"minecraft:iron_chestplate":1,"minecraft:dirt":6,"minecraft:oak_log":6,"minecraft:iron_pickaxe":92,"minecraft:stone_axe":17,"minecraft:cobblestone":18,"minecraft:furnace":1,"minecraft:cobbled_deepslate":7},"minecraft:killed":{"minecraft:skeleton":3,"minecraft:sheep":2,"minecraft:zombie":5},"minecraft:mined":{"minecraft:tall_grass":1,"minecraft:sculk":4,"minecraft:iron_ore":15,"minecraft:grass":8,"minecraft:vine":1,"minecraft:coal_ore":22,"minecraft:oak_log":11,"minecraft:beetroots":1,"minecraft:gravel":6,"minecraft:stone":18,"minecraft:oak_leaves":1,"minecraft:deepslate":69},"minecraft:dropped":{"minecraft:bread":6,"minecraft:stone_axe":1,"minecraft:cooked_beef":2,"minecraft:stone_sword":3,"minecraft:feather":1,"minecraft:apple":5,"minecraft:carrot":24,"minecraft:coal":2,"minecraft:emerald":6,"minecraft:dirt":76,"minecraft:hay_block":24,"minecraft:shield":1,"minecraft:wooden_hoe":1,"minecraft:mutton":6,"minecraft:wooden_sword":1,"minecraft:pumpkin":10,"minecraft:arrow":2,"minecraft:stone_pickaxe":1,"minecraft:wooden_pickaxe":1,"minecraft:white_wool":3,"minecraft:black_wool":2,"minecraft:bone":2},"minecraft:picked_up":{"minecraft:birch_log":2,"minecraft:iron_chestplate":2,"minecraft:feather":1,"minecraft:cooked_beef":2,"minecraft:wooden_pickaxe":2,"minecraft:birch_planks":1,"minecraft:oak_log":11,"minecraft:shield":1,"minecraft:wooden_hoe":2,"minecraft:dirt":98,"minecraft:wooden_sword":4,"minecraft:cooked_mutton":8,"minecraft:bone":5,"minecraft:apple":5,"minecraft:bow":2,"minecraft:wheat_seeds":2,"minecraft:cobbled_deepslate":63,"minecraft:iron_ingot":19,"minecraft:stone_pickaxe":6,"minecraft:iron_pickaxe":4,"minecraft:oak_planks":25,"minecraft:birch_sapling":4,"minecraft:iron_sword":2,"minecraft:stick":20,"minecraft:raw_iron":15,"minecraft:pumpkin":10,"minecraft:torch":25,"minecraft:gravel":6,"minecraft:carrot":48,"minecraft:stone_sword":8,"minecraft:arrow":17,"minecraft:rotten_flesh":7,"minecraft:beetroot_seeds":2,"minecraft:stone_axe":9,"minecraft:hay_block":36,"minecraft:bread":6,"minecraft:emerald":6,"minecraft:oak_sapling":4,"minecraft:black_wool":2,"minecraft:mutton":9,"minecraft:coal":21,"minecraft:white_wool":5,"minecraft:cobblestone":40},"minecraft:killed_by":{"minecraft:warden":3,"minecraft:player":4,"minecraft:zombie":1,"minecraft:enderman":1},"minecraft:custom":{"minecraft:interact_with_furnace":8,"minecraft:mob_kills":11,"minecraft:interact_with_crafting_table":5,"minecraft:leave_game":8,"minecraft:time_since_death":61082,"minecraft:time_since_rest":61143,"minecraft:sprint_one_cm":150845,"minecraft:damage_taken":4958,"minecraft:walk_one_cm":146751,"minecraft:drop":27,"minecraft:damage_dealt":2513,"minecraft:swim_one_cm":11013,"minecraft:fly_one_cm":129450,"minecraft:player_kills":2,"minecraft:crouch_one_cm":30025,"minecraft:play_time":141771,"minecraft:deaths":13,"minecraft:sneak_time":24475,"minecraft:walk_under_water_one_cm":1069,"minecraft:jump":1007,"minecraft:walk_on_water_one_cm":8585,"minecraft:total_world_time":141771,"minecraft:fall_one_cm":33832}},"DataVersion":3337}