{"stats":{"minecraft:used":{"minecraft:rotten_flesh":3,"minecraft:dirt":1,"minecraft:melon_slice":2},"minecraft:killed_by":{"minecraft:player":1},"minecraft:mined":{"minecraft:grass":3,"minecraft:grass_block":3,"minecraft:oak_stairs":1,"minecraft:composter":1},"minecraft:custom":{"minecraft:time_since_rest":490,"minecraft:open_chest":9,"minecraft:deaths":2,"minecraft:crouch_one_cm":471,"minecraft:play_time":27324,"minecraft:interact_with_furnace":2,"minecraft:sprint_one_cm":8382,"minecraft:damage_taken":584,"minecraft:walk_one_cm":192016,"minecraft:sneak_time":341,"minecraft:walk_under_water_one_cm":1373,"minecraft:interact_with_anvil":1,"minecraft:jump":272,"minecraft:damage_dealt":84,"minecraft:leave_game":5,"minecraft:walk_on_water_one_cm":4905,"minecraft:time_since_death":400,"minecraft:sleep_in_bed":1,"minecraft:total_world_time":27324,"minecraft:fall_one_cm":1667,"minecraft:fly_one_cm":59745},"minecraft:picked_up":{"minecraft:bone":1,"minecraft:arrow":1,"minecraft:rotten_flesh":4,"minecraft:dirt":3}},"DataVersion":3337}