{"stats":{"minecraft:picked_up":{"minecraft:birch_log":1,"minecraft:cocoa_beans":33,"minecraft:crafting_table":1,"minecraft:feather":5,"minecraft:chicken":4,"minecraft:jungle_log":176,"minecraft:andesite":125,"minecraft:leather":3,"minecraft:wooden_pickaxe":1,"minecraft:oak_log":2,"minecraft:dirt":38,"minecraft:raw_copper":13,"minecraft:wheat_seeds":2,"minecraft:beef":2,"minecraft:jungle_sapling":2,"minecraft:wooden_shovel":2,"minecraft:sugar_cane":8,"minecraft:stick":8,"minecraft:torch":6,"minecraft:gravel":3,"minecraft:porkchop":2,"minecraft:jungle_planks":26,"minecraft:diorite":80,"minecraft:white_bed":1,"minecraft:granite":12,"minecraft:coal":15,"minecraft:cobblestone":155},"minecraft:used":{"minecraft:stone_pickaxe":337,"minecraft:oak_planks":7,"minecraft:wooden_pickaxe":42,"minecraft:wooden_shovel":24,"minecraft:cooked_chicken":3,"minecraft:jungle_boat":1,"minecraft:torch":24,"minecraft:dirt":27,"minecraft:crafting_table":4,"minecraft:jungle_planks":2,"minecraft:wooden_axe":60,"minecraft:stone_axe":19,"minecraft:beef":1,"minecraft:furnace":1,"minecraft:andesite":79},"minecraft:mined":{"minecraft:white_bed":1,"minecraft:jungle_leaves":12,"minecraft:crafting_table":1,"minecraft:torch":4,"minecraft:granite":7,"minecraft:grass_block":9,"minecraft:jungle_log":55,"minecraft:copper_ore":4,"minecraft:cobblestone":2,"minecraft:oak_planks":3,"minecraft:sugar_cane":2,"minecraft:diorite":39,"minecraft:wall_torch":2,"minecraft:birch_log":1,"minecraft:andesite":115,"minecraft:grass":8,"minecraft:oak_log":2,"minecraft:coal_ore":15,"minecraft:cocoa":9,"minecraft:vine":4,"minecraft:dirt":18,"minecraft:gravel":3,"minecraft:sand":1,"minecraft:stone":155,"minecraft:oak_leaves":1,"minecraft:fern":1},"minecraft:crafted":{"minecraft:cooked_beef":1,"minecraft:oak_planks":8,"minecraft:wooden_shovel":2,"minecraft:cooked_porkchop":2,"minecraft:crafting_table":5,"minecraft:jungle_boat":1,"minecraft:wooden_pickaxe":1,"minecraft:cooked_chicken":4,"minecraft:furnace":1,"minecraft:copper_ingot":1,"minecraft:stone_axe":1,"minecraft:jungle_planks":76,"minecraft:charcoal":7,"minecraft:stick":24,"minecraft:stone_pickaxe":3,"minecraft:wooden_axe":1,"minecraft:torch":24},"minecraft:killed":{"minecraft:pig":1,"minecraft:chicken":4,"minecraft:cow":2},"minecraft:custom":{"minecraft:interact_with_furnace":19,"minecraft:mob_kills":7,"minecraft:interact_with_crafting_table":21,"minecraft:leave_game":2,"minecraft:time_since_death":8425,"minecraft:sleep_in_bed":1,"minecraft:climb_one_cm":7157,"minecraft:time_since_rest":8478,"minecraft:sprint_one_cm":76457,"minecraft:damage_taken":834,"minecraft:walk_one_cm":106153,"minecraft:damage_dealt":564,"minecraft:swim_one_cm":29323,"minecraft:fly_one_cm":31002,"minecraft:crouch_one_cm":13299,"minecraft:play_time":71253,"minecraft:deaths":2,"minecraft:sneak_time":7483,"minecraft:walk_under_water_one_cm":54403,"minecraft:boat_one_cm":66800,"minecraft:jump":579,"minecraft:walk_on_water_one_cm":10014,"minecraft:total_world_time":71253,"minecraft:fall_one_cm":6210},"minecraft:killed_by":{"minecraft:creeper":1},"minecraft:broken":{"minecraft:stone_pickaxe":1,"minecraft:wooden_axe":1}},"DataVersion":3337}