{"stats":{"minecraft:used":{"minecraft:oak_log":1,"minecraft:wooden_sword":8},"minecraft:killed_by":{"minecraft:player":1},"minecraft:crafted":{"minecraft:wooden_sword":2,"minecraft:oak_planks":12,"minecraft:birch_planks":20,"minecraft:stick":12,"minecraft:wooden_pickaxe":2,"minecraft:wooden_axe":1},"minecraft:mined":{"minecraft:grass":5,"minecraft:oak_log":4,"minecraft:birch_log":5,"minecraft:oak_planks":1},"minecraft:custom":{"minecraft:time_since_rest":674,"minecraft:open_chest":1,"minecraft:crouch_one_cm":203,"minecraft:deaths":1,"minecraft:play_time":13329,"minecraft:damage_taken":253,"minecraft:walk_one_cm":80957,"minecraft:sneak_time":126,"minecraft:walk_under_water_one_cm":7240,"minecraft:jump":85,"minecraft:damage_dealt":125,"minecraft:leave_game":1,"minecraft:time_since_death":3062,"minecraft:walk_on_water_one_cm":3842,"minecraft:sleep_in_bed":1,"minecraft:total_world_time":13329,"minecraft:interact_with_crafting_table":5,"minecraft:fall_one_cm":569,"minecraft:fly_one_cm":1678},"minecraft:picked_up":{"minecraft:birch_log":5,"minecraft:bone":4,"minecraft:arrow":3,"minecraft:rotten_flesh":1,"minecraft:composter":2,"minecraft:wooden_pickaxe":1,"minecraft:oak_stairs":2,"minecraft:oak_log":4,"minecraft:oak_planks":7}},"DataVersion":3337}