{"stats":{"minecraft:picked_up":{"minecraft:wooden_axe":3,"minecraft:birch_door":6,"minecraft:iron_chestplate":1,"minecraft:wheat":35,"minecraft:smithing_table":1,"minecraft:lead":2,"minecraft:oak_stairs":1,"minecraft:enchanted_book":1,"minecraft:string":2,"minecraft:raw_copper":5,"minecraft:iron_leggings":3,"minecraft:experience_bottle":3,"minecraft:oak_sign":2,"minecraft:beetroot":2,"minecraft:diamond_leggings":1,"minecraft:cobbled_deepslate":2,"minecraft:wooden_shovel":1,"minecraft:iron_pickaxe":1,"minecraft:melon_slice":43,"minecraft:furnace":3,"minecraft:beehive":36,"minecraft:stick":16,"minecraft:composter":5,"minecraft:torch":10,"minecraft:porkchop":33,"minecraft:diorite":94,"minecraft:cauldron":1,"minecraft:stone_sword":12,"minecraft:rotten_flesh":24,"minecraft:cobblestone":458,"minecraft:birch_log":5,"minecraft:feather":12,"minecraft:cooked_beef":8,"minecraft:jungle_log":43,"minecraft:birch_slab":36,"minecraft:andesite":17,"minecraft:smoker":1,"minecraft:potato":260,"minecraft:flint":1,"minecraft:lapis_lazuli":81,"minecraft:dirt":618,"minecraft:bone":61,"minecraft:glass":35,"minecraft:wheat_seeds":232,"minecraft:bell":4,"minecraft:bamboo":130,"minecraft:oak_planks":257,"minecraft:cooked_porkchop":12,"minecraft:sand":14,"minecraft:jungle_planks":100,"minecraft:ink_sac":5,"minecraft:grass_block":1,"minecraft:sugar":2,"minecraft:crossbow":1,"minecraft:granite":38,"minecraft:golden_apple":2,"minecraft:emerald":206,"minecraft:bread":26,"minecraft:oak_sapling":9,"minecraft:crafting_table":5,"minecraft:chicken":4,"minecraft:wooden_pickaxe":5,"minecraft:diamond_horse_armor":2,"minecraft:shield":3,"minecraft:cornflower":2,"minecraft:wooden_sword":4,"minecraft:iron_axe":1,"minecraft:candle":18,"minecraft:netherite_sword":1,"minecraft:music_disc_otherside":1,"minecraft:beef":30,"minecraft:oak_boat":15,"minecraft:jungle_sapling":1,"minecraft:poppy":4,"minecraft:lectern":80,"minecraft:light_gray_wool":1,"minecraft:sugar_cane":167,"minecraft:chest":2,"minecraft:egg":3,"minecraft:raw_iron":16,"minecraft:sandstone":64,"minecraft:oak_door":5,"minecraft:carrot":135,"minecraft:tnt":5,"minecraft:stone_shovel":6,"minecraft:arrow":13,"minecraft:beetroot_seeds":10,"minecraft:hay_block":24,"minecraft:saddle":1,"minecraft:mutton":58,"minecraft:white_wool":38,"minecraft:stripped_oak_log":17,"minecraft:jungle_boat":1,"minecraft:glow_ink_sac":4,"minecraft:salmon":5,"minecraft:cut_sandstone":3,"minecraft:leather":21,"minecraft:filled_map":7,"minecraft:birch_planks":131,"minecraft:oak_log":158,"minecraft:golden_boots":2,"minecraft:yellow_bed":9,"minecraft:gunpowder":1,"minecraft:cobblestone_stairs":1,"minecraft:wooden_hoe":3,"minecraft:white_banner":6,"minecraft:cooked_mutton":19,"minecraft:apple":13,"minecraft:iron_ingot":33,"minecraft:stone_pickaxe":17,"minecraft:book":83,"minecraft:sculk_catalyst":4,"minecraft:dandelion":4,"minecraft:gravel":9,"minecraft:amethyst_shard":40,"minecraft:soul_torch":123,"minecraft:blast_furnace":3,"minecraft:white_bed":13,"minecraft:dragon_egg":64,"minecraft:stripped_jungle_log":1,"minecraft:stone_axe":14,"minecraft:baked_potato":128,"minecraft:melon_seeds":5,"minecraft:black_wool":6,"minecraft:coal":229},"minecraft:mined":{"minecraft:white_bed":2,"minecraft:granite":42,"minecraft:grass_block":116,"minecraft:jungle_log":58,"minecraft:composter":4,"minecraft:iron_ore":8,"minecraft:fire":6,"minecraft:deepslate_lapis_ore":2,"minecraft:water_cauldron":1,"minecraft:dirt_path":8,"minecraft:soul_wall_torch":1,"minecraft:smoker":1,"minecraft:torch":1,"minecraft:blast_furnace":2,"minecraft:melon":11,"minecraft:cobblestone":16,"minecraft:oak_planks":45,"minecraft:sugar_cane":107,"minecraft:wheat":2,"minecraft:birch_door":2,"minecraft:tnt":6,"minecraft:grass":212,"minecraft:oak_log":64,"minecraft:beetroots":1,"minecraft:sand":7,"minecraft:dirt":240,"minecraft:oak_leaves":20,"minecraft:deepslate":1,"minecraft:oak_door":1,"minecraft:glow_lichen":2,"minecraft:jungle_planks":1,"minecraft:birch_slab":8,"minecraft:sandstone":2,"minecraft:furnace":2,"minecraft:andesite":8,"minecraft:bell":3,"minecraft:bookshelf":9,"minecraft:deepslate_iron_ore":1,"minecraft:vine":5,"minecraft:stripped_oak_log":16,"minecraft:bamboo":14,"minecraft:stone":165,"minecraft:dandelion":1,"minecraft:crafting_table":4,"minecraft:lectern":81,"minecraft:tall_grass":47,"minecraft:lapis_ore":5,"minecraft:diorite":52,"minecraft:birch_planks":51,"minecraft:yellow_bed":6,"minecraft:coal_ore":15,"minecraft:gravel":10,"minecraft:fern":18},"minecraft:killed_by":{"minecraft:creeper":1,"minecraft:ravager":1,"minecraft:zombie":1,"minecraft:player":4,"minecraft:skeleton":1},"minecraft:used":{"minecraft:oak_sign":1,"minecraft:chest":4,"minecraft:stone":13,"minecraft:iron_sword":6,"minecraft:zombie_spawn_egg":2,"minecraft:bell":3,"minecraft:sculk_sensor":29,"minecraft:jungle_planks":26,"minecraft:obsidian":4,"minecraft:glass":169,"minecraft:lava_bucket":37,"minecraft:villager_spawn_egg":11,"minecraft:grass_block":189,"minecraft:item_frame":12,"minecraft:oak_sapling":1,"minecraft:furnace":5,"minecraft:egg":2,"minecraft:stripped_spruce_wood":29,"minecraft:golden_boots":3,"minecraft:cow_spawn_egg":3,"minecraft:stripped_birch_log":145,"minecraft:stone_pickaxe":292,"minecraft:oak_planks":259,"minecraft:wooden_pickaxe":45,"minecraft:composter":6,"minecraft:sugar_cane":23,"minecraft:jungle_boat":2,"minecraft:sand":15,"minecraft:blast_furnace":1,"minecraft:sponge":20,"minecraft:birch_slab":212,"minecraft:lectern":236,"minecraft:gravel":3,"minecraft:wooden_sword":8,"minecraft:andesite":7,"minecraft:oak_boat":16,"minecraft:bone_meal":1,"minecraft:netherite_sword":18,"minecraft:stone_sword":162,"minecraft:flint_and_steel":2,"minecraft:stone_shovel":179,"minecraft:zombie_villager_spawn_egg":2,"minecraft:sculk":4,"minecraft:wooden_shovel":71,"minecraft:oak_door":3,"minecraft:torch":27,"minecraft:dirt":412,"minecraft:birch_door":12,"minecraft:wooden_axe":168,"minecraft:cooked_beef":1,"minecraft:enchanted_golden_apple":2,"minecraft:wheat_seeds":2,"minecraft:cooked_mutton":10,"minecraft:water_bucket":44,"minecraft:cobblestone_stairs":1,"minecraft:birch_planks":391,"minecraft:iron_golem_spawn_egg":2,"minecraft:birch_boat":3,"minecraft:tnt":177,"minecraft:crafting_table":11,"minecraft:birch_sign":2,"minecraft:sculk_shrieker":1,"minecraft:white_bed":11,"minecraft:oak_log":127,"minecraft:netherite_block":146,"minecraft:light":26,"minecraft:apple":1,"minecraft:stripped_jungle_log":1,"minecraft:map":5,"minecraft:spruce_trapdoor":29,"minecraft:stone_axe":336,"minecraft:cobblestone":53,"minecraft:end_crystal":33,"minecraft:white_banner":4,"minecraft:cooked_porkchop":10,"minecraft:bucket":60,"minecraft:yellow_bed":15,"minecraft:stripped_oak_log":139,"minecraft:diamond_leggings":3},"minecraft:custom":{"minecraft:animals_bred":2,"minecraft:interact_with_crafting_table":27,"minecraft:bell_ring":14,"minecraft:leave_game":31,"minecraft:time_since_death":79349,"minecraft:damage_resisted":150,"minecraft:sprint_one_cm":1352555,"minecraft:drop":256,"minecraft:talked_to_villager":237,"minecraft:play_time":674972,"minecraft:deaths":15,"minecraft:jump":7765,"minecraft:walk_on_water_one_cm":43578,"minecraft:interact_with_furnace":30,"minecraft:traded_with_villager":7,"minecraft:sleep_in_bed":6,"minecraft:damage_dealt":16248,"minecraft:player_kills":5,"minecraft:crouch_one_cm":20004,"minecraft:mob_kills":95,"minecraft:climb_one_cm":6556,"minecraft:walk_one_cm":679222,"minecraft:damage_dealt_absorbed":39,"minecraft:sneak_time":8876,"minecraft:walk_under_water_one_cm":41333,"minecraft:boat_one_cm":278790,"minecraft:total_world_time":674972,"minecraft:time_since_rest":79369,"minecraft:damage_absorbed":315,"minecraft:damage_taken":8332,"minecraft:swim_one_cm":57822,"minecraft:fly_one_cm":3899747,"minecraft:open_chest":92,"minecraft:fall_one_cm":216430},"minecraft:dropped":{"minecraft:candle":16,"minecraft:porkchop":3,"minecraft:birch_planks":64,"minecraft:cooked_beef":5,"minecraft:oak_log":5,"minecraft:baked_potato":128,"minecraft:glow_ink_sac":2,"minecraft:glow_berries":6,"minecraft:birch_slab":5,"minecraft:music_disc_13":2,"minecraft:emerald":205,"minecraft:dirt":1,"minecraft:mutton":6,"minecraft:wooden_sword":2,"minecraft:amethyst_shard":30,"minecraft:bone_meal":2,"minecraft:iron_pickaxe":2,"minecraft:birch_log":1,"minecraft:white_wool":5,"minecraft:bone":67,"minecraft:stone_axe":7,"minecraft:compass":1,"minecraft:sugar_cane":64,"minecraft:music_disc_otherside":3,"minecraft:wheat":15,"minecraft:rotten_flesh":7,"minecraft:oak_planks":1,"minecraft:cooked_mutton":8,"minecraft:white_bed":8,"minecraft:carrot":602,"minecraft:poppy":2,"minecraft:beetroot_seeds":2,"minecraft:jungle_log":56,"minecraft:arrow":9,"minecraft:glass":70,"minecraft:beef":10,"minecraft:enchanted_book":3,"minecraft:iron_ingot":14,"minecraft:bread":20,"minecraft:wheat_seeds":99,"minecraft:golden_horse_armor":1,"minecraft:diamond_leggings":3,"minecraft:feather":2,"minecraft:cobblestone":57,"minecraft:lead":4,"minecraft:book":94,"minecraft:apple":7,"minecraft:granite":36,"minecraft:coal":213,"minecraft:golden_apple":1,"minecraft:stick":6,"minecraft:wooden_hoe":3,"minecraft:sculk_catalyst":4,"minecraft:green_dye":1,"minecraft:wooden_axe":3,"minecraft:potion":1,"minecraft:iron_leggings":1,"minecraft:music_disc_cat":1,"minecraft:dandelion":2,"minecraft:soul_torch":82,"minecraft:stone_sword":7,"minecraft:experience_bottle":6,"minecraft:stone_shovel":1,"minecraft:flint_and_steel":2,"minecraft:potato":4673,"minecraft:hay_block":12,"minecraft:shield":3,"minecraft:dragon_egg":64,"minecraft:iron_chestplate":2,"minecraft:stone_pickaxe":9,"minecraft:wooden_pickaxe":3,"minecraft:black_wool":1},"minecraft:killed":{"minecraft:witch":3,"minecraft:spider":1,"minecraft:skeleton":5,"minecraft:chicken":4,"minecraft:pig":10,"minecraft:zombie_villager":2,"minecraft:salmon":3,"minecraft:creeper":1,"minecraft:sheep":20,"minecraft:pillager":16,"minecraft:zombie":6,"minecraft:cow":7,"minecraft:vindicator":5,"minecraft:ravager":1,"minecraft:villager":6},"minecraft:crafted":{"minecraft:oak_planks":408,"minecraft:birch_boat":1,"minecraft:birch_slab":192,"minecraft:bookshelf":20,"minecraft:cooked_mutton":3,"minecraft:glass":35,"minecraft:birch_door":6,"minecraft:wooden_shovel":2,"minecraft:cooked_porkchop":3,"minecraft:crafting_table":7,"minecraft:jungle_boat":1,"minecraft:wooden_pickaxe":3,"minecraft:birch_planks":420,"minecraft:lectern":20,"minecraft:stick":48,"minecraft:stone_sword":1,"minecraft:wooden_sword":1,"minecraft:stone_shovel":1,"minecraft:furnace":2,"minecraft:bone_meal":3,"minecraft:stone_pickaxe":7,"minecraft:cooked_beef":1,"minecraft:bucket":2,"minecraft:stone_axe":2,"minecraft:enchanted_book":7,"minecraft:air":0,"minecraft:jungle_planks":172,"minecraft:oak_boat":3,"minecraft:wooden_axe":3,"minecraft:white_bed":2},"minecraft:broken":{"minecraft:wooden_shovel":1,"minecraft:stone_pickaxe":1,"minecraft:stone_axe":1,"minecraft:wooden_axe":1}},"DataVersion":3337}