{"stats":{"minecraft:crafted":{"minecraft:cooked_beef":1,"minecraft:wooden_sword":1,"minecraft:oak_planks":20,"minecraft:cooked_porkchop":3,"minecraft:crafting_table":2,"minecraft:jungle_boat":1,"minecraft:wooden_pickaxe":1,"minecraft:furnace":2,"minecraft:stone_axe":1,"minecraft:cooked_mutton":3,"minecraft:air":0,"minecraft:jungle_planks":172,"minecraft:stick":20,"minecraft:stone_pickaxe":5,"minecraft:wooden_axe":1,"minecraft:stone_sword":1,"minecraft:white_bed":2},"minecraft:used":{"minecraft:cooked_mutton":4,"minecraft:stone_pickaxe":264,"minecraft:wooden_pickaxe":35,"minecraft:jungle_boat":2,"minecraft:torch":1,"minecraft:dirt":23,"minecraft:crafting_table":5,"minecraft:jungle_planks":26,"minecraft:white_bed":4,"minecraft:wooden_axe":56,"minecraft:gravel":3,"minecraft:stone_axe":55,"minecraft:wooden_sword":8,"minecraft:cobblestone":10,"minecraft:furnace":4,"minecraft:cooked_porkchop":10,"minecraft:andesite":7,"minecraft:cooked_beef":1},"minecraft:picked_up":{"minecraft:wooden_axe":1,"minecraft:crafting_table":4,"minecraft:jungle_boat":1,"minecraft:feather":8,"minecraft:chicken":4,"minecraft:andesite":17,"minecraft:jungle_log":43,"minecraft:leather":10,"minecraft:oak_log":15,"minecraft:lapis_lazuli":70,"minecraft:string":2,"minecraft:dirt":50,"minecraft:wooden_sword":1,"minecraft:cooked_mutton":1,"minecraft:bone":1,"minecraft:wheat_seeds":2,"minecraft:beef":16,"minecraft:stone_pickaxe":4,"minecraft:sugar_cane":8,"minecraft:furnace":3,"minecraft:stick":2,"minecraft:raw_iron":12,"minecraft:cooked_porkchop":12,"minecraft:torch":1,"minecraft:gravel":3,"minecraft:jungle_planks":100,"minecraft:porkchop":28,"minecraft:sand":12,"minecraft:diorite":94,"minecraft:white_bed":3,"minecraft:rotten_flesh":3,"minecraft:stone_axe":1,"minecraft:granite":36,"minecraft:black_wool":2,"minecraft:mutton":33,"minecraft:coal":14,"minecraft:white_wool":22,"minecraft:cobblestone":261},"minecraft:killed":{"minecraft:pig":7,"minecraft:spider":1,"minecraft:sheep":15,"minecraft:zombie":2,"minecraft:chicken":4,"minecraft:cow":5},"minecraft:killed_by":{"minecraft:skeleton":1},"minecraft:broken":{"minecraft:stone_pickaxe":1},"minecraft:dropped":{"minecraft:oak_log":5,"minecraft:cobblestone":31,"minecraft:rotten_flesh":3,"minecraft:granite":36,"minecraft:jungle_log":56,"minecraft:wooden_axe":2,"minecraft:wooden_pickaxe":1,"minecraft:stone_pickaxe":1},"minecraft:custom":{"minecraft:interact_with_furnace":25,"minecraft:mob_kills":34,"minecraft:interact_with_crafting_table":14,"minecraft:leave_game":8,"minecraft:time_since_death":12456,"minecraft:sleep_in_bed":2,"minecraft:climb_one_cm":6140,"minecraft:time_since_rest":3918,"minecraft:sprint_one_cm":187096,"minecraft:damage_taken":1483,"minecraft:walk_one_cm":90709,"minecraft:drop":10,"minecraft:damage_dealt":3224,"minecraft:swim_one_cm":2120,"minecraft:fly_one_cm":128061,"minecraft:crouch_one_cm":1931,"minecraft:play_time":72437,"minecraft:deaths":1,"minecraft:sneak_time":833,"minecraft:walk_under_water_one_cm":357,"minecraft:boat_one_cm":64952,"minecraft:jump":1045,"minecraft:walk_on_water_one_cm":4604,"minecraft:total_world_time":72437,"minecraft:fall_one_cm":25985},"minecraft:mined":{"minecraft:white_bed":2,"minecraft:crafting_table":3,"minecraft:glow_lichen":2,"minecraft:granite":41,"minecraft:jungle_planks":1,"minecraft:jungle_log":58,"minecraft:cobblestone":5,"minecraft:lapis_ore":5,"minecraft:sugar_cane":4,"minecraft:diorite":52,"minecraft:furnace":2,"minecraft:iron_ore":8,"minecraft:andesite":8,"minecraft:grass":8,"minecraft:oak_log":5,"minecraft:coal_ore":14,"minecraft:vine":5,"minecraft:dirt":28,"minecraft:gravel":3,"minecraft:sand":6,"minecraft:stone":154,"minecraft:oak_leaves":9}},"DataVersion":3337}