{"stats":{"minecraft:broken":{"minecraft:stone_pickaxe":1},"minecraft:killed_by":{"minecraft:player":2,"minecraft:skeleton":1,"minecraft:zombie":1},"minecraft:mined":{"minecraft:white_bed":2,"minecraft:glow_lichen":2,"minecraft:granite":41,"minecraft:grass_block":30,"minecraft:jungle_planks":1,"minecraft:jungle_log":58,"minecraft:furnace":2,"minecraft:iron_ore":8,"minecraft:andesite":8,"minecraft:deepslate_lapis_ore":2,"minecraft:vine":5,"minecraft:deepslate_iron_ore":1,"minecraft:stone":155,"minecraft:crafting_table":3,"minecraft:cobblestone":5,"minecraft:tall_grass":5,"minecraft:lapis_ore":5,"minecraft:oak_planks":1,"minecraft:sugar_cane":4,"minecraft:diorite":52,"minecraft:wheat":2,"minecraft:grass":31,"minecraft:oak_log":5,"minecraft:coal_ore":15,"minecraft:sand":6,"minecraft:gravel":7,"minecraft:dirt":39,"minecraft:oak_leaves":9,"minecraft:deepslate":1},"minecraft:killed":{"minecraft:spider":1,"minecraft:skeleton":1,"minecraft:chicken":4,"minecraft:pig":8,"minecraft:zombie_villager":2,"minecraft:sheep":18,"minecraft:zombie":2,"minecraft:cow":5},"minecraft:custom":{"minecraft:mob_kills":42,"minecraft:interact_with_crafting_table":14,"minecraft:bell_ring":3,"minecraft:leave_game":22,"minecraft:time_since_death":94316,"minecraft:climb_one_cm":6250,"minecraft:sprint_one_cm":389910,"minecraft:walk_one_cm":209831,"minecraft:drop":75,"minecraft:talked_to_villager":1,"minecraft:play_time":310233,"minecraft:deaths":9,"minecraft:sneak_time":3475,"minecraft:walk_under_water_one_cm":9087,"minecraft:boat_one_cm":64952,"minecraft:jump":2575,"minecraft:walk_on_water_one_cm":13067,"minecraft:total_world_time":310233,"minecraft:interact_with_furnace":25,"minecraft:sleep_in_bed":4,"minecraft:time_since_rest":94346,"minecraft:damage_taken":3679,"minecraft:damage_dealt":4739,"minecraft:swim_one_cm":16087,"minecraft:fly_one_cm":1342303,"minecraft:player_kills":2,"minecraft:open_chest":11,"minecraft:crouch_one_cm":2732,"minecraft:fall_one_cm":71919},"minecraft:dropped":{"minecraft:iron_ingot":14,"minecraft:bread":12,"minecraft:wheat_seeds":99,"minecraft:cooked_beef":3,"minecraft:oak_log":5,"minecraft:feather":2,"minecraft:cobblestone":35,"minecraft:apple":5,"minecraft:granite":36,"minecraft:coal":135,"minecraft:stick":6,"minecraft:emerald":6,"minecraft:wooden_hoe":3,"minecraft:mutton":6,"minecraft:wooden_axe":3,"minecraft:wooden_sword":2,"minecraft:white_wool":5,"minecraft:bone":4,"minecraft:stone_axe":5,"minecraft:stone_sword":7,"minecraft:wheat":15,"minecraft:stone_shovel":1,"minecraft:rotten_flesh":3,"minecraft:cooked_mutton":8,"minecraft:carrot":26,"minecraft:poppy":2,"minecraft:hay_block":12,"minecraft:shield":2,"minecraft:dragon_egg":64,"minecraft:beetroot_seeds":2,"minecraft:jungle_log":56,"minecraft:wooden_pickaxe":2,"minecraft:arrow":4,"minecraft:stone_pickaxe":7,"minecraft:black_wool":1},"minecraft:used":{"minecraft:stone_sword":9,"minecraft:flint_and_steel":2,"minecraft:stone_shovel":38,"minecraft:zombie_villager_spawn_egg":2,"minecraft:sculk_sensor":28,"minecraft:oak_door":1,"minecraft:torch":2,"minecraft:dirt":124,"minecraft:jungle_planks":26,"minecraft:obsidian":4,"minecraft:wooden_axe":56,"minecraft:lava_bucket":32,"minecraft:grass_block":151,"minecraft:furnace":4,"minecraft:cooked_beef":1,"minecraft:golden_boots":1,"minecraft:wheat_seeds":2,"minecraft:cooked_mutton":10,"minecraft:water_bucket":13,"minecraft:cobblestone_stairs":1,"minecraft:stone_pickaxe":270,"minecraft:oak_planks":5,"minecraft:wooden_pickaxe":35,"minecraft:jungle_boat":2,"minecraft:tnt":177,"minecraft:crafting_table":6,"minecraft:birch_sign":2,"minecraft:white_bed":4,"minecraft:oak_log":1,"minecraft:netherite_block":146,"minecraft:apple":1,"minecraft:gravel":3,"minecraft:stone_axe":56,"minecraft:wooden_sword":8,"minecraft:cobblestone":10,"minecraft:end_crystal":33,"minecraft:cooked_porkchop":10,"minecraft:andesite":7,"minecraft:bucket":35},"minecraft:picked_up":{"minecraft:wooden_axe":3,"minecraft:crafting_table":4,"minecraft:wheat":30,"minecraft:chicken":4,"minecraft:wooden_pickaxe":3,"minecraft:shield":3,"minecraft:string":2,"minecraft:wooden_sword":4,"minecraft:iron_leggings":2,"minecraft:candle":2,"minecraft:cobbled_deepslate":2,"minecraft:beef":16,"minecraft:poppy":4,"minecraft:sugar_cane":8,"minecraft:furnace":3,"minecraft:stick":5,"minecraft:raw_iron":14,"minecraft:oak_door":1,"minecraft:torch":2,"minecraft:porkchop":30,"minecraft:diorite":94,"minecraft:carrot":79,"minecraft:stone_shovel":4,"minecraft:stone_sword":11,"minecraft:arrow":7,"minecraft:rotten_flesh":5,"minecraft:beetroot_seeds":3,"minecraft:hay_block":24,"minecraft:mutton":47,"minecraft:white_wool":38,"minecraft:cobblestone":267,"minecraft:stripped_oak_log":1,"minecraft:feather":11,"minecraft:jungle_boat":1,"minecraft:cooked_beef":6,"minecraft:glow_ink_sac":1,"minecraft:jungle_log":43,"minecraft:andesite":17,"minecraft:leather":10,"minecraft:flint":1,"minecraft:oak_log":17,"minecraft:cobblestone_stairs":1,"minecraft:wooden_hoe":3,"minecraft:lapis_lazuli":81,"minecraft:dirt":147,"minecraft:cooked_mutton":19,"minecraft:bone":7,"minecraft:apple":10,"minecraft:wheat_seeds":161,"minecraft:iron_ingot":28,"minecraft:stone_pickaxe":12,"minecraft:oak_planks":1,"minecraft:cooked_porkchop":12,"minecraft:gravel":6,"minecraft:sand":12,"minecraft:jungle_planks":100,"minecraft:white_bed":3,"minecraft:dragon_egg":64,"minecraft:stone_axe":10,"minecraft:granite":36,"minecraft:bread":18,"minecraft:emerald":9,"minecraft:black_wool":5,"minecraft:coal":157},"minecraft:crafted":{"minecraft:wooden_sword":1,"minecraft:oak_planks":148,"minecraft:furnace":2,"minecraft:cooked_mutton":3,"minecraft:stone_pickaxe":5,"minecraft:cooked_beef":1,"minecraft:cooked_porkchop":3,"minecraft:crafting_table":3,"minecraft:jungle_boat":1,"minecraft:wooden_pickaxe":1,"minecraft:bucket":2,"minecraft:stone_axe":1,"minecraft:air":0,"minecraft:jungle_planks":172,"minecraft:stick":24,"minecraft:wooden_axe":1,"minecraft:stone_sword":1,"minecraft:white_bed":2}},"DataVersion":3337}