{"stats":{"minecraft:crafted":{"minecraft:oak_planks":560,"minecraft:cobblestone_slab":12,"minecraft:blaze_powder":6,"minecraft:birch_boat":2,"minecraft:birch_slab":192,"minecraft:bookshelf":20,"minecraft:cooked_mutton":3,"minecraft:glass":35,"minecraft:chest":2,"minecraft:birch_door":6,"minecraft:ender_eye":5,"minecraft:golden_boots":2,"minecraft:wooden_shovel":2,"minecraft:cooked_porkchop":3,"minecraft:crafting_table":8,"minecraft:jungle_boat":1,"minecraft:wooden_pickaxe":3,"minecraft:birch_planks":440,"minecraft:lectern":20,"minecraft:wooden_hoe":1,"minecraft:stick":52,"minecraft:stone_sword":1,"minecraft:gold_ingot":9,"minecraft:wooden_sword":1,"minecraft:stone_shovel":1,"minecraft:furnace":2,"minecraft:bone_meal":3,"minecraft:stone_pickaxe":7,"minecraft:cooked_beef":1,"minecraft:bucket":2,"minecraft:stone_axe":2,"minecraft:enchanted_book":8,"minecraft:air":0,"minecraft:jungle_planks":172,"minecraft:oak_boat":3,"minecraft:wooden_axe":3,"minecraft:white_bed":2},"minecraft:mined":{"minecraft:white_bed":2,"minecraft:brewing_stand":2,"minecraft:spruce_trapdoor":7,"minecraft:granite":56,"minecraft:grass_block":123,"minecraft:jungle_log":58,"minecraft:cracked_polished_blackstone_bricks":9,"minecraft:soul_soil":7,"minecraft:composter":4,"minecraft:nether_wart":12,"minecraft:polished_blackstone_bricks":23,"minecraft:tall_seagrass":3,"minecraft:glowstone":15,"minecraft:iron_ore":23,"minecraft:fire":10,"minecraft:deepslate_lapis_ore":4,"minecraft:water_cauldron":1,"minecraft:dirt_path":8,"minecraft:deepslate_redstone_ore":16,"minecraft:soul_wall_torch":1,"minecraft:blackstone":5,"minecraft:crimson_nylium":46,"minecraft:smoker":1,"minecraft:soul_fire":2,"minecraft:torch":4,"minecraft:blast_furnace":2,"minecraft:melon":11,"minecraft:nether_quartz_ore":11,"minecraft:cobblestone":53,"minecraft:sugar_cane":137,"minecraft:oak_planks":45,"minecraft:deepslate_copper_ore":1,"minecraft:seagrass":2,"minecraft:nether_wart_block":2,"minecraft:birch_log":5,"minecraft:wheat":17,"minecraft:birch_door":2,"minecraft:warped_fungus":1,"minecraft:tnt":6,"minecraft:grass":240,"minecraft:oak_log":102,"minecraft:beetroots":1,"minecraft:sand":7,"minecraft:dirt":257,"minecraft:netherrack":603,"minecraft:oak_leaves":23,"minecraft:deepslate":61,"minecraft:nether_gold_ore":7,"minecraft:oak_door":1,"minecraft:glow_lichen":2,"minecraft:nether_bricks":24,"minecraft:jungle_planks":1,"minecraft:crimson_roots":8,"minecraft:birch_slab":17,"minecraft:sandstone":2,"minecraft:furnace":2,"minecraft:carrots":173,"minecraft:andesite":12,"minecraft:bell":3,"minecraft:nether_brick_fence":2,"minecraft:bookshelf":9,"minecraft:cobblestone_slab":3,"minecraft:deepslate_iron_ore":1,"minecraft:vine":5,"minecraft:stripped_oak_log":16,"minecraft:bamboo":14,"minecraft:stone":256,"minecraft:bone_block":8,"minecraft:cake":1,"minecraft:scaffolding":1,"minecraft:soul_sand":23,"minecraft:infested_stone_bricks":1,"minecraft:dandelion":1,"minecraft:crafting_table":4,"minecraft:lectern":122,"minecraft:tall_grass":60,"minecraft:lapis_ore":6,"minecraft:diorite":52,"minecraft:birch_planks":64,"minecraft:birch_leaves":1,"minecraft:yellow_bed":6,"minecraft:coal_ore":24,"minecraft:gravel":10,"minecraft:gold_ore":3,"minecraft:fern":18},"minecraft:dropped":{"minecraft:iron_sword":8,"minecraft:candle":16,"minecraft:porkchop":3,"minecraft:birch_planks":64,"minecraft:glow_ink_sac":2,"minecraft:lapis_lazuli":15,"minecraft:cooked_beef":5,"minecraft:oak_log":5,"minecraft:baked_potato":128,"minecraft:ender_pearl":1,"minecraft:glass_bottle":1,"minecraft:cooked_porkchop":7,"minecraft:crossbow":3,"minecraft:glow_berries":6,"minecraft:leather":12,"minecraft:birch_slab":5,"minecraft:emerald":209,"minecraft:cod":1,"minecraft:music_disc_13":4,"minecraft:dirt":188,"minecraft:mutton":6,"minecraft:crimson_roots":10,"minecraft:amethyst_shard":30,"minecraft:gold_nugget":13,"minecraft:wooden_sword":2,"minecraft:bone_meal":2,"minecraft:sand":14,"minecraft:iron_pickaxe":7,"minecraft:sugar":4,"minecraft:birch_log":1,"minecraft:white_wool":5,"minecraft:gold_ingot":215,"minecraft:bone":91,"minecraft:music_disc_blocks":2,"minecraft:gravel":15,"minecraft:compass":1,"minecraft:blackstone":38,"minecraft:stone_axe":8,"minecraft:sugar_cane":64,"minecraft:cobbled_deepslate":11,"minecraft:nether_brick":16,"minecraft:music_disc_otherside":3,"minecraft:wheat":15,"minecraft:rotten_flesh":38,"minecraft:oak_planks":1,"minecraft:cooked_mutton":8,"minecraft:nether_brick_fence":2,"minecraft:white_bed":8,"minecraft:infested_stone_bricks":1,"minecraft:carrot":1078,"minecraft:chiseled_stone_bricks":1,"minecraft:poppy":2,"minecraft:gunpowder":4,"minecraft:jungle_log":56,"minecraft:beetroot_seeds":2,"minecraft:leather_boots":2,"minecraft:chest":1,"minecraft:arrow":471,"minecraft:glass":70,"minecraft:beef":10,"minecraft:scaffolding":8,"minecraft:quartz":20,"minecraft:enchanted_book":3,"minecraft:iron_ingot":24,"minecraft:stone_hoe":2,"minecraft:water_bucket":3,"minecraft:golden_boots":1,"minecraft:bread":39,"minecraft:wheat_seeds":145,"minecraft:golden_helmet":1,"minecraft:golden_horse_armor":1,"minecraft:diamond_leggings":3,"minecraft:feather":2,"minecraft:lead":10,"minecraft:book":95,"minecraft:cobblestone":80,"minecraft:oak_fence":1,"minecraft:iron_helmet":3,"minecraft:apple":17,"minecraft:granite":36,"minecraft:copper_ingot":1,"minecraft:coal":245,"minecraft:golden_apple":1,"minecraft:stick":6,"minecraft:milk_bucket":1,"minecraft:diorite":9,"minecraft:brewing_stand":2,"minecraft:wooden_hoe":3,"minecraft:torch":103,"minecraft:sculk_catalyst":4,"minecraft:green_dye":1,"minecraft:wooden_axe":3,"minecraft:melon_slice":31,"minecraft:potion":3,"minecraft:fire_charge":1,"minecraft:iron_leggings":5,"minecraft:iron_axe":1,"minecraft:string":33,"minecraft:bucket":46,"minecraft:music_disc_cat":1,"minecraft:dandelion":2,"minecraft:soul_torch":82,"minecraft:stone_sword":12,"minecraft:blaze_rod":1,"minecraft:experience_bottle":6,"minecraft:stone_shovel":1,"minecraft:iron_boots":2,"minecraft:totem_of_undying":2,"minecraft:nether_bricks":21,"minecraft:oak_sign":16,"minecraft:hay_block":12,"minecraft:flint_and_steel":2,"minecraft:potato":4680,"minecraft:shield":6,"minecraft:dragon_egg":64,"minecraft:iron_chestplate":4,"minecraft:spider_eye":11,"minecraft:bow":9,"minecraft:stone_pickaxe":9,"minecraft:wooden_pickaxe":3,"minecraft:music_disc_mellohi":2,"minecraft:black_wool":1},"minecraft:custom":{"minecraft:animals_bred":13,"minecraft:interact_with_crafting_table":31,"minecraft:bell_ring":14,"minecraft:leave_game":46,"minecraft:time_since_death":242398,"minecraft:damage_resisted":150,"minecraft:sprint_one_cm":2655035,"minecraft:drop":471,"minecraft:talked_to_villager":316,"minecraft:play_time":1547276,"minecraft:deaths":19,"minecraft:jump":14234,"minecraft:interact_with_brewingstand":14,"minecraft:walk_on_water_one_cm":156434,"minecraft:interact_with_furnace":30,"minecraft:traded_with_villager":8,"minecraft:sleep_in_bed":12,"minecraft:damage_dealt":123348,"minecraft:player_kills":15,"minecraft:crouch_one_cm":143866,"minecraft:inspect_dispenser":52,"minecraft:mob_kills":1594,"minecraft:interact_with_anvil":11,"minecraft:inspect_hopper":10,"minecraft:interact_with_campfire":1,"minecraft:climb_one_cm":18253,"minecraft:walk_one_cm":1278275,"minecraft:damage_dealt_absorbed":41,"minecraft:sneak_time":53576,"minecraft:walk_under_water_one_cm":1109232,"minecraft:boat_one_cm":321354,"minecraft:interact_with_blast_furnace":1,"minecraft:total_world_time":1547276,"minecraft:time_since_rest":151508,"minecraft:damage_taken":19272,"minecraft:damage_absorbed":395,"minecraft:trigger_trapped_chest":7,"minecraft:swim_one_cm":178186,"minecraft:fly_one_cm":6404887,"minecraft:open_chest":248,"minecraft:fall_one_cm":355115},"minecraft:used":{"minecraft:dispenser":27,"minecraft:oak_sign":57,"minecraft:chest":24,"minecraft:stone":56,"minecraft:iron_sword":1010,"minecraft:zombie_spawn_egg":16,"minecraft:bell":3,"minecraft:sculk_sensor":29,"minecraft:iron_chestplate":1,"minecraft:soul_campfire":25,"minecraft:birch_pressure_plate":3,"minecraft:soul_sand":25,"minecraft:skeleton_spawn_egg":11,"minecraft:jungle_planks":27,"minecraft:carrot":236,"minecraft:obsidian":32,"minecraft:glass":977,"minecraft:lava_bucket":41,"minecraft:coal_ore":1,"minecraft:villager_spawn_egg":11,"minecraft:quartz_slab":88,"minecraft:grass_block":191,"minecraft:iron_helmet":1,"minecraft:stone_bricks":219,"minecraft:item_frame":12,"minecraft:repeater":34,"minecraft:bow":54,"minecraft:scaffolding":175,"minecraft:oak_sapling":1,"minecraft:furnace":5,"minecraft:egg":6,"minecraft:stripped_spruce_wood":29,"minecraft:spider_spawn_egg":4,"minecraft:golden_boots":6,"minecraft:emerald_ore":10,"minecraft:zombie_horse_spawn_egg":1,"minecraft:cow_spawn_egg":3,"minecraft:stripped_birch_log":145,"minecraft:stone_pickaxe":350,"minecraft:oak_planks":259,"minecraft:ender_pearl":2,"minecraft:wooden_pickaxe":45,"minecraft:redstone_block":10,"minecraft:composter":6,"minecraft:sugar_cane":23,"minecraft:jungle_boat":2,"minecraft:respawn_anchor":23,"minecraft:golden_apple":2,"minecraft:sand":15,"minecraft:blast_furnace":1,"minecraft:cave_spider_spawn_egg":4,"minecraft:sponge":20,"minecraft:stone_brick_wall":115,"minecraft:end_stone":57,"minecraft:birch_fence":68,"minecraft:creeper_spawn_egg":5,"minecraft:sticky_piston":18,"minecraft:lever":1,"minecraft:birch_slab":230,"minecraft:bread":3,"minecraft:melon_slice":2,"minecraft:lectern":277,"minecraft:oak_pressure_plate":3,"minecraft:gravel":3,"minecraft:cat_spawn_egg":29,"minecraft:wooden_sword":8,"minecraft:stripped_oak_wood":28,"minecraft:andesite":7,"minecraft:ice":17,"minecraft:smooth_stone_slab":119,"minecraft:oak_boat":16,"minecraft:bone_meal":1,"minecraft:oak_fence":222,"minecraft:oak_trapdoor":93,"minecraft:netherite_sword":510,"minecraft:stone_sword":193,"minecraft:flint_and_steel":2,"minecraft:stone_shovel":179,"minecraft:redstone":23,"minecraft:zombie_villager_spawn_egg":2,"minecraft:sculk":4,"minecraft:wooden_shovel":71,"minecraft:netherrack":318,"minecraft:oak_door":3,"minecraft:torch":271,"minecraft:dirt":531,"minecraft:anvil":4,"minecraft:hopper":44,"minecraft:birch_door":14,"minecraft:stone_brick_slab":549,"minecraft:wooden_axe":168,"minecraft:oak_stairs":41,"minecraft:spawner":39,"minecraft:iron_boots":2,"minecraft:glowstone":3,"minecraft:soul_soil":7,"minecraft:lime_stained_glass":283,"minecraft:trapped_chest":4,"minecraft:stone_pressure_plate":5,"minecraft:cooked_beef":1,"minecraft:cobbled_deepslate":5,"minecraft:observer":60,"minecraft:enchanted_golden_apple":3,"minecraft:iron_leggings":6,"minecraft:wheat_seeds":17,"minecraft:cooked_mutton":10,"minecraft:water_bucket":423,"minecraft:cobblestone_stairs":1,"minecraft:birch_planks":405,"minecraft:iron_golem_spawn_egg":2,"minecraft:birch_boat":5,"minecraft:cobblestone_slab":11,"minecraft:comparator":1,"minecraft:crafting_table":12,"minecraft:tnt":177,"minecraft:oak_slab":6,"minecraft:birch_sign":2,"minecraft:sculk_shrieker":1,"minecraft:campfire":56,"minecraft:white_bed":13,"minecraft:infested_stone_bricks":2486,"minecraft:apple":1,"minecraft:oak_log":127,"minecraft:wooden_hoe":50,"minecraft:netherite_block":146,"minecraft:piston":12,"minecraft:ender_eye":1,"minecraft:light":26,"minecraft:stripped_jungle_log":1,"minecraft:iron_pickaxe":943,"minecraft:map":5,"minecraft:spruce_trapdoor":92,"minecraft:stone_axe":459,"minecraft:chiseled_stone_bricks":80,"minecraft:fishing_rod":7,"minecraft:cobblestone":2128,"minecraft:potion":1,"minecraft:end_crystal":161,"minecraft:white_banner":4,"minecraft:cooked_porkchop":28,"minecraft:bucket":87,"minecraft:yellow_bed":15,"minecraft:stripped_oak_log":139,"minecraft:kelp":57,"minecraft:splash_potion":119,"minecraft:diamond_leggings":3,"minecraft:smooth_stone":130},"minecraft:picked_up":{"minecraft:wooden_axe":3,"minecraft:birch_door":6,"minecraft:iron_chestplate":6,"minecraft:wheat":40,"minecraft:nether_brick_fence":2,"minecraft:smithing_table":1,"minecraft:lead":11,"minecraft:oak_stairs":1,"minecraft:potion":4,"minecraft:enchanted_book":1,"minecraft:nether_brick":16,"minecraft:brewing_stand":2,"minecraft:string":59,"minecraft:raw_copper":7,"minecraft:soul_soil":7,"minecraft:iron_leggings":11,"minecraft:experience_bottle":3,"minecraft:oak_sign":17,"minecraft:beetroot":2,"minecraft:diamond_leggings":1,"minecraft:gold_nugget":54,"minecraft:cobbled_deepslate":56,"minecraft:bucket":47,"minecraft:cobblestone_slab":3,"minecraft:wooden_shovel":1,"minecraft:iron_pickaxe":8,"minecraft:enchanted_golden_apple":128,"minecraft:melon_slice":76,"minecraft:iron_boots":1,"minecraft:furnace":3,"minecraft:golden_helmet":1,"minecraft:beehive":36,"minecraft:stick":19,"minecraft:music_disc_blocks":2,"minecraft:composter":5,"minecraft:oak_fence":1,"minecraft:torch":117,"minecraft:porkchop":33,"minecraft:diorite":107,"minecraft:cauldron":1,"minecraft:stone_sword":20,"minecraft:rotten_flesh":81,"minecraft:netherite_chestplate":2,"minecraft:blaze_rod":79,"minecraft:obsidian":2,"minecraft:blaze_powder":5,"minecraft:cobblestone":807,"minecraft:birch_log":10,"minecraft:feather":12,"minecraft:cooked_beef":8,"minecraft:magma_cream":38,"minecraft:jungle_log":43,"minecraft:water_bucket":6,"minecraft:birch_slab":45,"minecraft:andesite":24,"minecraft:smoker":1,"minecraft:potato":260,"minecraft:flint":1,"minecraft:wither_skeleton_skull":5,"minecraft:netherite_leggings":2,"minecraft:lapis_lazuli":126,"minecraft:dirt":894,"minecraft:leather_boots":2,"minecraft:bone":379,"minecraft:glass":99,"minecraft:bow":15,"minecraft:wheat_seeds":308,"minecraft:raw_gold":3,"minecraft:bell":4,"minecraft:bamboo":130,"minecraft:glowstone_dust":41,"minecraft:stone_hoe":3,"minecraft:oak_planks":258,"minecraft:ghast_tear":4,"minecraft:cooked_porkchop":39,"minecraft:music_disc_13":2,"minecraft:oak_pressure_plate":1,"minecraft:sand":39,"minecraft:jungle_planks":100,"minecraft:ink_sac":8,"minecraft:grass_block":1,"minecraft:spectral_arrow":47,"minecraft:sugar":6,"minecraft:netherite_helmet":2,"minecraft:crossbow":4,"minecraft:granite":52,"minecraft:golden_apple":114,"minecraft:emerald":206,"minecraft:bread":38,"minecraft:oak_sapling":11,"minecraft:netherrack":590,"minecraft:crimson_roots":10,"minecraft:crafting_table":5,"minecraft:splash_potion":1,"minecraft:chicken":4,"minecraft:nether_wart":74,"minecraft:wooden_pickaxe":5,"minecraft:diamond_horse_armor":2,"minecraft:shield":9,"minecraft:cornflower":2,"minecraft:iron_axe":5,"minecraft:wooden_sword":4,"minecraft:flint_and_steel":2,"minecraft:quartz_slab":1,"minecraft:blackstone":38,"minecraft:candle":18,"minecraft:netherite_sword":1,"minecraft:music_disc_otherside":1,"minecraft:beef":31,"minecraft:oak_boat":15,"minecraft:jungle_sapling":1,"minecraft:iron_nugget":25,"minecraft:poppy":7,"minecraft:light_gray_wool":1,"minecraft:lectern":121,"minecraft:chest":4,"minecraft:sugar_cane":213,"minecraft:spruce_trapdoor":6,"minecraft:egg":6,"minecraft:raw_iron":31,"minecraft:sandstone":64,"minecraft:oak_door":5,"minecraft:copper_ingot":1,"minecraft:music_disc_mellohi":2,"minecraft:fire_charge":3,"minecraft:polished_blackstone_bricks":10,"minecraft:carrot":819,"minecraft:redstone":106,"minecraft:stone_pressure_plate":2,"minecraft:tnt":133,"minecraft:stone_shovel":6,"minecraft:arrow":851,"minecraft:beetroot_seeds":10,"minecraft:nether_bricks":21,"minecraft:hay_block":24,"minecraft:totem_of_undying":4,"minecraft:saddle":2,"minecraft:gold_ingot":196,"minecraft:mutton":58,"minecraft:bone_block":9,"minecraft:white_wool":38,"minecraft:stripped_oak_log":17,"minecraft:netherite_boots":2,"minecraft:jungle_boat":1,"minecraft:golden_carrot":1,"minecraft:glow_ink_sac":4,"minecraft:salmon":7,"minecraft:cut_sandstone":3,"minecraft:leather":52,"minecraft:filled_map":8,"minecraft:birch_planks":144,"minecraft:oak_log":206,"minecraft:golden_boots":6,"minecraft:yellow_bed":9,"minecraft:gunpowder":25,"minecraft:cobblestone_stairs":1,"minecraft:wooden_hoe":3,"minecraft:paper":3,"minecraft:white_banner":6,"minecraft:cooked_mutton":19,"minecraft:apple":15,"minecraft:kelp":40,"minecraft:iron_ingot":50,"minecraft:stone_pickaxe":17,"minecraft:glass_bottle":2,"minecraft:iron_sword":13,"minecraft:soul_sand":31,"minecraft:music_disc_chirp":1,"minecraft:book":83,"minecraft:sculk_catalyst":4,"minecraft:scaffolding":96,"minecraft:milk_bucket":1,"minecraft:warped_fungus":2,"minecraft:birch_boat":2,"minecraft:pumpkin":1,"minecraft:stone_brick_slab":1,"minecraft:quartz":54,"minecraft:dandelion":4,"minecraft:gravel":24,"minecraft:amethyst_shard":40,"minecraft:soul_torch":123,"minecraft:blast_furnace":3,"minecraft:white_bed":14,"minecraft:crying_obsidian":3,"minecraft:dragon_egg":64,"minecraft:spider_eye":20,"minecraft:stripped_jungle_log":1,"minecraft:infested_stone_bricks":2,"minecraft:pumpkin_seeds":2,"minecraft:stone_axe":16,"minecraft:iron_helmet":5,"minecraft:baked_potato":129,"minecraft:melon_seeds":5,"minecraft:black_wool":6,"minecraft:coal":350,"minecraft:hopper":1,"minecraft:ender_pearl":32},"minecraft:broken":{"minecraft:wooden_shovel":1,"minecraft:stone_pickaxe":1,"minecraft:stone_axe":2,"minecraft:wooden_axe":1,"minecraft:iron_helmet":1},"minecraft:killed":{"minecraft:cave_spider":3,"minecraft:zombified_piglin":5,"minecraft:witch":8,"minecraft:spider":50,"minecraft:skeleton":397,"minecraft:chicken":5,"minecraft:silverfish":12,"minecraft:piglin_brute":6,"minecraft:cat":2,"minecraft:magma_cube":36,"minecraft:piglin":7,"minecraft:pig":10,"minecraft:zombie_villager":7,"minecraft:salmon":3,"minecraft:iron_golem":2,"minecraft:creeper":376,"minecraft:sheep":20,"minecraft:trader_llama":2,"minecraft:pillager":16,"minecraft:zombie":405,"minecraft:ghast":5,"minecraft:blaze":34,"minecraft:cow":7,"minecraft:vindicator":5,"minecraft:phantom":4,"minecraft:drowned":1,"minecraft:wandering_trader":1,"minecraft:ravager":1,"minecraft:hoglin":11,"minecraft:wither_skeleton":57,"minecraft:villager":6,"minecraft:enderman":4},"minecraft:killed_by":{"minecraft:zombified_piglin":1,"minecraft:creeper":1,"minecraft:ravager":1,"minecraft:zombie":1,"minecraft:player":4,"minecraft:skeleton":1}},"DataVersion":3337}