{"stats":{"minecraft:mined":{"minecraft:white_bed":2,"minecraft:brewing_stand":2,"minecraft:spruce_trapdoor":7,"minecraft:granite":42,"minecraft:grass_block":123,"minecraft:jungle_log":58,"minecraft:composter":4,"minecraft:tall_seagrass":3,"minecraft:iron_ore":8,"minecraft:fire":8,"minecraft:deepslate_lapis_ore":2,"minecraft:water_cauldron":1,"minecraft:dirt_path":8,"minecraft:soul_wall_torch":1,"minecraft:smoker":1,"minecraft:torch":3,"minecraft:blast_furnace":2,"minecraft:melon":11,"minecraft:cobblestone":53,"minecraft:sugar_cane":137,"minecraft:oak_planks":45,"minecraft:seagrass":2,"minecraft:birch_log":5,"minecraft:wheat":17,"minecraft:warped_fungus":1,"minecraft:birch_door":2,"minecraft:tnt":6,"minecraft:grass":239,"minecraft:oak_log":102,"minecraft:beetroots":1,"minecraft:sand":7,"minecraft:dirt":248,"minecraft:oak_leaves":23,"minecraft:deepslate":1,"minecraft:oak_door":1,"minecraft:glow_lichen":2,"minecraft:jungle_planks":1,"minecraft:birch_slab":17,"minecraft:sandstone":2,"minecraft:furnace":2,"minecraft:carrots":173,"minecraft:andesite":12,"minecraft:bell":3,"minecraft:bookshelf":9,"minecraft:deepslate_iron_ore":1,"minecraft:cobblestone_slab":3,"minecraft:vine":5,"minecraft:stripped_oak_log":16,"minecraft:bamboo":14,"minecraft:stone":177,"minecraft:cake":1,"minecraft:scaffolding":1,"minecraft:infested_stone_bricks":1,"minecraft:dandelion":1,"minecraft:crafting_table":4,"minecraft:lectern":122,"minecraft:tall_grass":60,"minecraft:lapis_ore":5,"minecraft:diorite":52,"minecraft:birch_planks":64,"minecraft:birch_leaves":1,"minecraft:yellow_bed":6,"minecraft:coal_ore":15,"minecraft:gravel":10,"minecraft:fern":18},"minecraft:picked_up":{"minecraft:wooden_axe":3,"minecraft:birch_door":6,"minecraft:iron_chestplate":4,"minecraft:wheat":40,"minecraft:smithing_table":1,"minecraft:lead":11,"minecraft:oak_stairs":1,"minecraft:enchanted_book":1,"minecraft:brewing_stand":2,"minecraft:string":29,"minecraft:raw_copper":5,"minecraft:iron_leggings":9,"minecraft:experience_bottle":3,"minecraft:beetroot":2,"minecraft:oak_sign":3,"minecraft:diamond_leggings":1,"minecraft:gold_nugget":10,"minecraft:cobbled_deepslate":2,"minecraft:bucket":46,"minecraft:cobblestone_slab":3,"minecraft:wooden_shovel":1,"minecraft:iron_pickaxe":5,"minecraft:enchanted_golden_apple":128,"minecraft:melon_slice":43,"minecraft:iron_boots":1,"minecraft:furnace":3,"minecraft:beehive":36,"minecraft:stick":19,"minecraft:music_disc_blocks":2,"minecraft:composter":5,"minecraft:torch":116,"minecraft:porkchop":33,"minecraft:diorite":107,"minecraft:cauldron":1,"minecraft:stone_sword":14,"minecraft:rotten_flesh":48,"minecraft:netherite_chestplate":2,"minecraft:blaze_rod":4,"minecraft:cobblestone":717,"minecraft:birch_log":10,"minecraft:feather":12,"minecraft:cooked_beef":8,"minecraft:jungle_log":43,"minecraft:birch_slab":45,"minecraft:water_bucket":6,"minecraft:andesite":24,"minecraft:smoker":1,"minecraft:potato":260,"minecraft:flint":1,"minecraft:netherite_leggings":2,"minecraft:lapis_lazuli":81,"minecraft:dirt":884,"minecraft:leather_boots":2,"minecraft:bone":191,"minecraft:glass":99,"minecraft:bow":10,"minecraft:wheat_seeds":304,"minecraft:bell":4,"minecraft:bamboo":130,"minecraft:stone_hoe":2,"minecraft:oak_planks":258,"minecraft:ghast_tear":1,"minecraft:cooked_porkchop":17,"minecraft:music_disc_13":2,"minecraft:oak_pressure_plate":1,"minecraft:sand":39,"minecraft:jungle_planks":100,"minecraft:ink_sac":8,"minecraft:grass_block":1,"minecraft:sugar":6,"minecraft:netherite_helmet":2,"minecraft:crossbow":3,"minecraft:granite":38,"minecraft:golden_apple":114,"minecraft:bread":38,"minecraft:emerald":206,"minecraft:oak_sapling":11,"minecraft:netherrack":3,"minecraft:crafting_table":5,"minecraft:chicken":4,"minecraft:wooden_pickaxe":5,"minecraft:diamond_horse_armor":2,"minecraft:shield":8,"minecraft:cornflower":2,"minecraft:iron_axe":4,"minecraft:wooden_sword":4,"minecraft:flint_and_steel":2,"minecraft:quartz_slab":1,"minecraft:blackstone":30,"minecraft:candle":18,"minecraft:netherite_sword":1,"minecraft:music_disc_otherside":1,"minecraft:beef":30,"minecraft:oak_boat":15,"minecraft:jungle_sapling":1,"minecraft:poppy":4,"minecraft:light_gray_wool":1,"minecraft:lectern":121,"minecraft:sugar_cane":213,"minecraft:chest":3,"minecraft:spruce_trapdoor":6,"minecraft:egg":6,"minecraft:sandstone":64,"minecraft:raw_iron":16,"minecraft:oak_door":5,"minecraft:copper_ingot":1,"minecraft:music_disc_mellohi":2,"minecraft:carrot":819,"minecraft:redstone":4,"minecraft:stone_pressure_plate":2,"minecraft:tnt":133,"minecraft:arrow":641,"minecraft:stone_shovel":6,"minecraft:beetroot_seeds":10,"minecraft:hay_block":24,"minecraft:totem_of_undying":2,"minecraft:saddle":1,"minecraft:gold_ingot":186,"minecraft:mutton":58,"minecraft:white_wool":38,"minecraft:stripped_oak_log":17,"minecraft:netherite_boots":2,"minecraft:jungle_boat":1,"minecraft:glow_ink_sac":4,"minecraft:salmon":7,"minecraft:leather":35,"minecraft:cut_sandstone":3,"minecraft:birch_planks":144,"minecraft:filled_map":7,"minecraft:oak_log":206,"minecraft:golden_boots":4,"minecraft:yellow_bed":9,"minecraft:gunpowder":19,"minecraft:cobblestone_stairs":1,"minecraft:wooden_hoe":3,"minecraft:paper":3,"minecraft:white_banner":6,"minecraft:cooked_mutton":19,"minecraft:apple":15,"minecraft:kelp":40,"minecraft:iron_ingot":40,"minecraft:stone_pickaxe":17,"minecraft:iron_sword":9,"minecraft:music_disc_chirp":1,"minecraft:warped_fungus":1,"minecraft:book":83,"minecraft:sculk_catalyst":4,"minecraft:scaffolding":96,"minecraft:milk_bucket":1,"minecraft:birch_boat":2,"minecraft:stone_brick_slab":1,"minecraft:quartz":2,"minecraft:dandelion":4,"minecraft:gravel":9,"minecraft:amethyst_shard":40,"minecraft:soul_torch":123,"minecraft:blast_furnace":3,"minecraft:white_bed":14,"minecraft:dragon_egg":64,"minecraft:spider_eye":5,"minecraft:stripped_jungle_log":1,"minecraft:infested_stone_bricks":2,"minecraft:stone_axe":16,"minecraft:iron_helmet":3,"minecraft:baked_potato":128,"minecraft:melon_seeds":5,"minecraft:black_wool":6,"minecraft:coal":236,"minecraft:hopper":1,"minecraft:ender_pearl":17},"minecraft:used":{"minecraft:dispenser":27,"minecraft:oak_sign":50,"minecraft:chest":20,"minecraft:stone":56,"minecraft:iron_sword":573,"minecraft:zombie_spawn_egg":16,"minecraft:bell":3,"minecraft:iron_chestplate":1,"minecraft:sculk_sensor":29,"minecraft:soul_campfire":25,"minecraft:soul_sand":19,"minecraft:birch_pressure_plate":3,"minecraft:skeleton_spawn_egg":11,"minecraft:jungle_planks":27,"minecraft:carrot":236,"minecraft:obsidian":32,"minecraft:glass":977,"minecraft:lava_bucket":41,"minecraft:villager_spawn_egg":11,"minecraft:quartz_slab":88,"minecraft:grass_block":189,"minecraft:iron_helmet":1,"minecraft:stone_bricks":219,"minecraft:item_frame":12,"minecraft:repeater":34,"minecraft:bow":3,"minecraft:scaffolding":175,"minecraft:furnace":5,"minecraft:oak_sapling":1,"minecraft:egg":6,"minecraft:stripped_spruce_wood":29,"minecraft:spider_spawn_egg":4,"minecraft:golden_boots":4,"minecraft:zombie_horse_spawn_egg":1,"minecraft:cow_spawn_egg":3,"minecraft:stripped_birch_log":145,"minecraft:stone_pickaxe":350,"minecraft:oak_planks":259,"minecraft:wooden_pickaxe":45,"minecraft:redstone_block":10,"minecraft:composter":6,"minecraft:sugar_cane":23,"minecraft:jungle_boat":2,"minecraft:respawn_anchor":23,"minecraft:sand":15,"minecraft:blast_furnace":1,"minecraft:cave_spider_spawn_egg":4,"minecraft:sponge":20,"minecraft:stone_brick_wall":115,"minecraft:end_stone":57,"minecraft:birch_fence":68,"minecraft:creeper_spawn_egg":5,"minecraft:sticky_piston":18,"minecraft:lever":1,"minecraft:birch_slab":230,"minecraft:melon_slice":2,"minecraft:bread":3,"minecraft:lectern":277,"minecraft:oak_pressure_plate":3,"minecraft:gravel":3,"minecraft:cat_spawn_egg":29,"minecraft:wooden_sword":8,"minecraft:stripped_oak_wood":28,"minecraft:andesite":7,"minecraft:smooth_stone_slab":119,"minecraft:ice":17,"minecraft:oak_boat":16,"minecraft:bone_meal":1,"minecraft:oak_trapdoor":93,"minecraft:oak_fence":62,"minecraft:netherite_sword":510,"minecraft:stone_sword":193,"minecraft:flint_and_steel":2,"minecraft:stone_shovel":179,"minecraft:redstone":23,"minecraft:zombie_villager_spawn_egg":2,"minecraft:sculk":4,"minecraft:wooden_shovel":71,"minecraft:oak_door":3,"minecraft:torch":270,"minecraft:dirt":522,"minecraft:anvil":4,"minecraft:hopper":44,"minecraft:birch_door":12,"minecraft:stone_brick_slab":549,"minecraft:wooden_axe":168,"minecraft:oak_stairs":29,"minecraft:spawner":39,"minecraft:iron_boots":1,"minecraft:glowstone":3,"minecraft:lime_stained_glass":283,"minecraft:trapped_chest":4,"minecraft:stone_pressure_plate":5,"minecraft:cooked_beef":1,"minecraft:observer":60,"minecraft:enchanted_golden_apple":3,"minecraft:iron_leggings":5,"minecraft:wheat_seeds":17,"minecraft:cooked_mutton":10,"minecraft:water_bucket":423,"minecraft:cobblestone_stairs":1,"minecraft:birch_planks":405,"minecraft:iron_golem_spawn_egg":2,"minecraft:birch_boat":5,"minecraft:cobblestone_slab":11,"minecraft:comparator":1,"minecraft:oak_slab":6,"minecraft:tnt":177,"minecraft:crafting_table":12,"minecraft:birch_sign":2,"minecraft:sculk_shrieker":1,"minecraft:white_bed":12,"minecraft:campfire":56,"minecraft:infested_stone_bricks":2486,"minecraft:oak_log":127,"minecraft:netherite_block":146,"minecraft:piston":12,"minecraft:wooden_hoe":50,"minecraft:light":26,"minecraft:apple":1,"minecraft:stripped_jungle_log":1,"minecraft:map":5,"minecraft:spruce_trapdoor":92,"minecraft:stone_axe":459,"minecraft:chiseled_stone_bricks":80,"minecraft:fishing_rod":7,"minecraft:cobblestone":2128,"minecraft:end_crystal":161,"minecraft:white_banner":4,"minecraft:cooked_porkchop":14,"minecraft:bucket":87,"minecraft:yellow_bed":15,"minecraft:stripped_oak_log":139,"minecraft:kelp":57,"minecraft:smooth_stone":130,"minecraft:diamond_leggings":3},"minecraft:dropped":{"minecraft:iron_sword":6,"minecraft:candle":16,"minecraft:birch_planks":64,"minecraft:porkchop":3,"minecraft:cooked_beef":5,"minecraft:glow_ink_sac":2,"minecraft:oak_log":5,"minecraft:baked_potato":128,"minecraft:crossbow":2,"minecraft:glow_berries":6,"minecraft:leather":9,"minecraft:birch_slab":5,"minecraft:cod":1,"minecraft:music_disc_13":4,"minecraft:emerald":209,"minecraft:dirt":188,"minecraft:mutton":6,"minecraft:amethyst_shard":30,"minecraft:wooden_sword":2,"minecraft:gold_nugget":13,"minecraft:bone_meal":2,"minecraft:sand":14,"minecraft:sugar":4,"minecraft:iron_pickaxe":6,"minecraft:birch_log":1,"minecraft:white_wool":5,"minecraft:gold_ingot":186,"minecraft:bone":91,"minecraft:music_disc_blocks":2,"minecraft:blackstone":30,"minecraft:stone_axe":8,"minecraft:compass":1,"minecraft:sugar_cane":64,"minecraft:music_disc_otherside":3,"minecraft:wheat":15,"minecraft:rotten_flesh":9,"minecraft:oak_planks":1,"minecraft:cooked_mutton":8,"minecraft:white_bed":8,"minecraft:infested_stone_bricks":1,"minecraft:carrot":1078,"minecraft:chiseled_stone_bricks":1,"minecraft:poppy":2,"minecraft:gunpowder":4,"minecraft:beetroot_seeds":2,"minecraft:jungle_log":56,"minecraft:leather_boots":2,"minecraft:arrow":470,"minecraft:glass":70,"minecraft:beef":10,"minecraft:scaffolding":8,"minecraft:golden_boots":1,"minecraft:stone_hoe":2,"minecraft:water_bucket":3,"minecraft:iron_ingot":24,"minecraft:enchanted_book":3,"minecraft:bread":39,"minecraft:wheat_seeds":145,"minecraft:golden_horse_armor":1,"minecraft:diamond_leggings":3,"minecraft:iron_helmet":3,"minecraft:feather":2,"minecraft:lead":10,"minecraft:book":95,"minecraft:cobblestone":67,"minecraft:apple":17,"minecraft:granite":36,"minecraft:copper_ingot":1,"minecraft:golden_apple":1,"minecraft:coal":213,"minecraft:stick":6,"minecraft:milk_bucket":1,"minecraft:diorite":9,"minecraft:brewing_stand":2,"minecraft:wooden_hoe":3,"minecraft:torch":103,"minecraft:sculk_catalyst":4,"minecraft:green_dye":1,"minecraft:wooden_axe":3,"minecraft:potion":1,"minecraft:iron_leggings":4,"minecraft:iron_axe":1,"minecraft:string":12,"minecraft:bucket":46,"minecraft:music_disc_cat":1,"minecraft:dandelion":2,"minecraft:soul_torch":82,"minecraft:stone_sword":7,"minecraft:experience_bottle":6,"minecraft:stone_shovel":1,"minecraft:iron_boots":1,"minecraft:flint_and_steel":2,"minecraft:potato":4680,"minecraft:hay_block":12,"minecraft:shield":6,"minecraft:dragon_egg":64,"minecraft:iron_chestplate":4,"minecraft:spider_eye":3,"minecraft:bow":7,"minecraft:stone_pickaxe":9,"minecraft:wooden_pickaxe":3,"minecraft:music_disc_mellohi":2,"minecraft:black_wool":1},"minecraft:killed_by":{"minecraft:creeper":1,"minecraft:ravager":1,"minecraft:zombie":1,"minecraft:player":4,"minecraft:skeleton":1},"minecraft:broken":{"minecraft:wooden_shovel":1,"minecraft:stone_pickaxe":1,"minecraft:stone_axe":2,"minecraft:wooden_axe":1},"minecraft:killed":{"minecraft:cave_spider":3,"minecraft:witch":8,"minecraft:spider":49,"minecraft:skeleton":378,"minecraft:chicken":5,"minecraft:silverfish":12,"minecraft:cat":2,"minecraft:pig":10,"minecraft:zombie_villager":7,"minecraft:salmon":3,"minecraft:creeper":374,"minecraft:sheep":20,"minecraft:trader_llama":2,"minecraft:pillager":16,"minecraft:zombie":391,"minecraft:ghast":1,"minecraft:blaze":4,"minecraft:cow":7,"minecraft:vindicator":5,"minecraft:phantom":3,"minecraft:drowned":1,"minecraft:wandering_trader":1,"minecraft:ravager":1,"minecraft:hoglin":1,"minecraft:wither_skeleton":4,"minecraft:villager":6,"minecraft:enderman":3},"minecraft:crafted":{"minecraft:oak_planks":560,"minecraft:cobblestone_slab":12,"minecraft:blaze_powder":4,"minecraft:birch_boat":2,"minecraft:birch_slab":192,"minecraft:bookshelf":20,"minecraft:cooked_mutton":3,"minecraft:glass":35,"minecraft:chest":2,"minecraft:birch_door":6,"minecraft:golden_boots":2,"minecraft:wooden_shovel":2,"minecraft:cooked_porkchop":3,"minecraft:crafting_table":8,"minecraft:jungle_boat":1,"minecraft:wooden_pickaxe":3,"minecraft:birch_planks":440,"minecraft:lectern":20,"minecraft:wooden_hoe":1,"minecraft:stick":52,"minecraft:stone_sword":1,"minecraft:wooden_sword":1,"minecraft:stone_shovel":1,"minecraft:furnace":2,"minecraft:bone_meal":3,"minecraft:stone_pickaxe":7,"minecraft:cooked_beef":1,"minecraft:bucket":2,"minecraft:stone_axe":2,"minecraft:enchanted_book":8,"minecraft:air":0,"minecraft:jungle_planks":172,"minecraft:oak_boat":3,"minecraft:wooden_axe":3,"minecraft:white_bed":2},"minecraft:custom":{"minecraft:animals_bred":13,"minecraft:interact_with_crafting_table":31,"minecraft:bell_ring":14,"minecraft:leave_game":34,"minecraft:time_since_death":15156,"minecraft:damage_resisted":150,"minecraft:sprint_one_cm":2094776,"minecraft:drop":390,"minecraft:talked_to_villager":313,"minecraft:play_time":1292211,"minecraft:deaths":18,"minecraft:jump":11079,"minecraft:walk_on_water_one_cm":152672,"minecraft:interact_with_furnace":30,"minecraft:traded_with_villager":8,"minecraft:sleep_in_bed":11,"minecraft:damage_dealt":90251,"minecraft:player_kills":9,"minecraft:crouch_one_cm":120774,"minecraft:inspect_dispenser":52,"minecraft:mob_kills":1396,"minecraft:interact_with_anvil":9,"minecraft:inspect_hopper":10,"minecraft:interact_with_campfire":1,"minecraft:climb_one_cm":17669,"minecraft:walk_one_cm":1060675,"minecraft:damage_dealt_absorbed":41,"minecraft:sneak_time":46258,"minecraft:walk_under_water_one_cm":1085029,"minecraft:boat_one_cm":321354,"minecraft:interact_with_blast_furnace":1,"minecraft:total_world_time":1292211,"minecraft:time_since_rest":13991,"minecraft:damage_taken":12051,"minecraft:damage_absorbed":315,"minecraft:trigger_trapped_chest":7,"minecraft:swim_one_cm":177886,"minecraft:fly_one_cm":5439316,"minecraft:open_chest":194,"minecraft:fall_one_cm":281819}},"DataVersion":3337}