{"stats":{"minecraft:picked_up":{"minecraft:wooden_axe":3,"minecraft:birch_door":2,"minecraft:iron_chestplate":1,"minecraft:crafting_table":5,"minecraft:wheat":35,"minecraft:chicken":4,"minecraft:smithing_table":1,"minecraft:lead":2,"minecraft:wooden_pickaxe":5,"minecraft:oak_stairs":1,"minecraft:enchanted_book":1,"minecraft:shield":3,"minecraft:raw_copper":5,"minecraft:string":2,"minecraft:wooden_sword":4,"minecraft:iron_leggings":3,"minecraft:oak_sign":1,"minecraft:experience_bottle":3,"minecraft:diamond_leggings":1,"minecraft:candle":18,"minecraft:cobbled_deepslate":2,"minecraft:netherite_sword":1,"minecraft:music_disc_otherside":1,"minecraft:beef":26,"minecraft:wooden_shovel":1,"minecraft:poppy":4,"minecraft:iron_pickaxe":1,"minecraft:sugar_cane":8,"minecraft:chest":2,"minecraft:furnace":3,"minecraft:beehive":36,"minecraft:stick":13,"minecraft:raw_iron":16,"minecraft:oak_door":3,"minecraft:composter":1,"minecraft:torch":9,"minecraft:porkchop":30,"minecraft:diorite":94,"minecraft:carrot":135,"minecraft:tnt":5,"minecraft:stone_shovel":5,"minecraft:stone_sword":11,"minecraft:arrow":10,"minecraft:rotten_flesh":23,"minecraft:beetroot_seeds":3,"minecraft:hay_block":24,"minecraft:mutton":54,"minecraft:birch_log":5,"minecraft:white_wool":38,"minecraft:cobblestone":437,"minecraft:stripped_oak_log":17,"minecraft:feather":12,"minecraft:jungle_boat":1,"minecraft:cooked_beef":8,"minecraft:birch_slab":34,"minecraft:glow_ink_sac":4,"minecraft:andesite":17,"minecraft:jungle_log":43,"minecraft:leather":17,"minecraft:potato":4,"minecraft:birch_planks":106,"minecraft:flint":1,"minecraft:oak_log":158,"minecraft:golden_boots":1,"minecraft:yellow_bed":4,"minecraft:cobblestone_stairs":1,"minecraft:wooden_hoe":3,"minecraft:lapis_lazuli":81,"minecraft:dirt":368,"minecraft:cooked_mutton":19,"minecraft:bone":52,"minecraft:apple":13,"minecraft:wheat_seeds":213,"minecraft:iron_ingot":28,"minecraft:stone_pickaxe":16,"minecraft:oak_planks":236,"minecraft:book":47,"minecraft:sculk_catalyst":4,"minecraft:cooked_porkchop":12,"minecraft:gravel":6,"minecraft:jungle_planks":100,"minecraft:sand":12,"minecraft:amethyst_shard":40,"minecraft:soul_torch":121,"minecraft:white_bed":4,"minecraft:grass_block":1,"minecraft:dragon_egg":64,"minecraft:stripped_jungle_log":1,"minecraft:stone_axe":11,"minecraft:granite":36,"minecraft:golden_apple":2,"minecraft:bread":26,"minecraft:emerald":12,"minecraft:oak_sapling":8,"minecraft:black_wool":5,"minecraft:coal":229},"minecraft:mined":{"minecraft:white_bed":2,"minecraft:glow_lichen":2,"minecraft:granite":41,"minecraft:grass_block":111,"minecraft:jungle_planks":1,"minecraft:jungle_log":58,"minecraft:birch_slab":6,"minecraft:furnace":2,"minecraft:fire":4,"minecraft:iron_ore":8,"minecraft:andesite":8,"minecraft:deepslate_lapis_ore":2,"minecraft:vine":5,"minecraft:deepslate_iron_ore":1,"minecraft:stripped_oak_log":16,"minecraft:stone":165,"minecraft:crafting_table":4,"minecraft:cobblestone":5,"minecraft:tall_grass":24,"minecraft:lapis_ore":5,"minecraft:oak_planks":24,"minecraft:sugar_cane":4,"minecraft:diorite":52,"minecraft:birch_planks":26,"minecraft:wheat":2,"minecraft:birch_door":2,"minecraft:tnt":6,"minecraft:yellow_bed":1,"minecraft:grass":118,"minecraft:oak_log":64,"minecraft:coal_ore":15,"minecraft:sand":6,"minecraft:gravel":7,"minecraft:dirt":73,"minecraft:oak_leaves":18,"minecraft:deepslate":1},"minecraft:killed_by":{"minecraft:player":4,"minecraft:creeper":1,"minecraft:skeleton":1,"minecraft:zombie":1},"minecraft:custom":{"minecraft:mob_kills":50,"minecraft:interact_with_crafting_table":24,"minecraft:bell_ring":3,"minecraft:leave_game":23,"minecraft:time_since_death":44885,"minecraft:damage_resisted":150,"minecraft:climb_one_cm":6250,"minecraft:sprint_one_cm":695172,"minecraft:walk_one_cm":382013,"minecraft:drop":147,"minecraft:damage_dealt_absorbed":39,"minecraft:talked_to_villager":1,"minecraft:play_time":426138,"minecraft:deaths":13,"minecraft:sneak_time":4941,"minecraft:walk_under_water_one_cm":11769,"minecraft:boat_one_cm":77568,"minecraft:jump":4314,"minecraft:walk_on_water_one_cm":22845,"minecraft:total_world_time":426138,"minecraft:interact_with_furnace":25,"minecraft:sleep_in_bed":6,"minecraft:time_since_rest":7143,"minecraft:damage_absorbed":315,"minecraft:damage_taken":5710,"minecraft:damage_dealt":6873,"minecraft:swim_one_cm":19510,"minecraft:fly_one_cm":2042559,"minecraft:player_kills":4,"minecraft:open_chest":25,"minecraft:crouch_one_cm":6785,"minecraft:fall_one_cm":118912},"minecraft:used":{"minecraft:netherite_sword":4,"minecraft:stone_sword":13,"minecraft:flint_and_steel":2,"minecraft:stone_shovel":67,"minecraft:zombie_villager_spawn_egg":2,"minecraft:chest":2,"minecraft:sculk":4,"minecraft:wooden_shovel":71,"minecraft:sculk_sensor":29,"minecraft:oak_door":3,"minecraft:torch":2,"minecraft:dirt":216,"minecraft:jungle_planks":26,"minecraft:obsidian":4,"minecraft:birch_door":6,"minecraft:wooden_axe":168,"minecraft:lava_bucket":32,"minecraft:grass_block":189,"minecraft:oak_sapling":1,"minecraft:furnace":4,"minecraft:cooked_beef":1,"minecraft:enchanted_golden_apple":2,"minecraft:stripped_spruce_wood":29,"minecraft:golden_boots":2,"minecraft:wheat_seeds":2,"minecraft:cooked_mutton":10,"minecraft:water_bucket":13,"minecraft:cobblestone_stairs":1,"minecraft:birch_planks":331,"minecraft:stripped_birch_log":142,"minecraft:stone_pickaxe":270,"minecraft:oak_planks":140,"minecraft:birch_boat":3,"minecraft:wooden_pickaxe":45,"minecraft:jungle_boat":2,"minecraft:tnt":177,"minecraft:crafting_table":10,"minecraft:birch_sign":2,"minecraft:sculk_shrieker":1,"minecraft:white_bed":6,"minecraft:oak_log":127,"minecraft:netherite_block":146,"minecraft:light":2,"minecraft:apple":1,"minecraft:stripped_jungle_log":1,"minecraft:birch_slab":146,"minecraft:gravel":3,"minecraft:stone_axe":186,"minecraft:wooden_sword":8,"minecraft:cobblestone":11,"minecraft:end_crystal":33,"minecraft:cooked_porkchop":10,"minecraft:andesite":7,"minecraft:bucket":35,"minecraft:yellow_bed":3,"minecraft:stripped_oak_log":136,"minecraft:diamond_leggings":3},"minecraft:dropped":{"minecraft:enchanted_book":3,"minecraft:iron_ingot":14,"minecraft:bread":20,"minecraft:candle":16,"minecraft:birch_planks":64,"minecraft:wheat_seeds":99,"minecraft:cooked_beef":5,"minecraft:oak_log":5,"minecraft:glow_ink_sac":2,"minecraft:diamond_leggings":3,"minecraft:glow_berries":6,"minecraft:lead":4,"minecraft:book":94,"minecraft:feather":2,"minecraft:cobblestone":57,"minecraft:apple":5,"minecraft:granite":36,"minecraft:birch_slab":5,"minecraft:coal":213,"minecraft:golden_apple":1,"minecraft:music_disc_13":2,"minecraft:stick":6,"minecraft:emerald":12,"minecraft:dirt":1,"minecraft:wooden_hoe":3,"minecraft:sculk_catalyst":4,"minecraft:mutton":6,"minecraft:wooden_axe":3,"minecraft:potion":1,"minecraft:iron_leggings":1,"minecraft:amethyst_shard":30,"minecraft:wooden_sword":2,"minecraft:iron_pickaxe":2,"minecraft:birch_log":1,"minecraft:white_wool":5,"minecraft:music_disc_cat":1,"minecraft:bone":67,"minecraft:stone_axe":6,"minecraft:compass":1,"minecraft:soul_torch":82,"minecraft:stone_sword":7,"minecraft:music_disc_otherside":3,"minecraft:wheat":15,"minecraft:experience_bottle":6,"minecraft:stone_shovel":1,"minecraft:rotten_flesh":7,"minecraft:oak_planks":1,"minecraft:cooked_mutton":8,"minecraft:carrot":26,"minecraft:flint_and_steel":2,"minecraft:poppy":2,"minecraft:hay_block":12,"minecraft:shield":3,"minecraft:dragon_egg":64,"minecraft:iron_chestplate":2,"minecraft:beetroot_seeds":2,"minecraft:jungle_log":56,"minecraft:beef":10,"minecraft:wooden_pickaxe":3,"minecraft:arrow":9,"minecraft:stone_pickaxe":9,"minecraft:black_wool":1},"minecraft:killed":{"minecraft:spider":1,"minecraft:skeleton":3,"minecraft:chicken":4,"minecraft:pig":8,"minecraft:zombie_villager":2,"minecraft:creeper":1,"minecraft:sheep":18,"minecraft:pillager":2,"minecraft:zombie":3,"minecraft:cow":5},"minecraft:crafted":{"minecraft:wooden_sword":1,"minecraft:oak_planks":296,"minecraft:stone_shovel":1,"minecraft:birch_boat":1,"minecraft:furnace":2,"minecraft:cooked_mutton":3,"minecraft:stone_pickaxe":7,"minecraft:birch_door":6,"minecraft:cooked_beef":1,"minecraft:wooden_shovel":2,"minecraft:cooked_porkchop":3,"minecraft:crafting_table":6,"minecraft:jungle_boat":1,"minecraft:wooden_pickaxe":3,"minecraft:birch_planks":164,"minecraft:bucket":2,"minecraft:stone_axe":2,"minecraft:air":0,"minecraft:jungle_planks":172,"minecraft:stick":48,"minecraft:wooden_axe":3,"minecraft:stone_sword":1,"minecraft:white_bed":2},"minecraft:broken":{"minecraft:wooden_shovel":1,"minecraft:stone_pickaxe":1,"minecraft:stone_axe":1,"minecraft:wooden_axe":1}},"DataVersion":3337}