{"stats":{"minecraft:picked_up":{"minecraft:wooden_axe":3,"minecraft:crafting_table":5,"minecraft:iron_chestplate":1,"minecraft:birch_door":2,"minecraft:wheat":35,"minecraft:chicken":4,"minecraft:lead":2,"minecraft:smithing_table":1,"minecraft:wooden_pickaxe":5,"minecraft:oak_stairs":1,"minecraft:enchanted_book":1,"minecraft:diamond_horse_armor":2,"minecraft:iron_axe":1,"minecraft:shield":3,"minecraft:cornflower":2,"minecraft:string":2,"minecraft:raw_copper":5,"minecraft:wooden_sword":4,"minecraft:iron_leggings":3,"minecraft:experience_bottle":3,"minecraft:oak_sign":1,"minecraft:diamond_leggings":1,"minecraft:candle":18,"minecraft:cobbled_deepslate":2,"minecraft:netherite_sword":1,"minecraft:music_disc_otherside":1,"minecraft:beef":26,"minecraft:oak_boat":15,"minecraft:wooden_shovel":1,"minecraft:poppy":4,"minecraft:iron_pickaxe":1,"minecraft:sugar_cane":20,"minecraft:chest":2,"minecraft:furnace":3,"minecraft:stick":15,"minecraft:beehive":36,"minecraft:raw_iron":16,"minecraft:oak_door":5,"minecraft:composter":5,"minecraft:torch":9,"minecraft:porkchop":30,"minecraft:diorite":94,"minecraft:carrot":135,"minecraft:tnt":5,"minecraft:rotten_flesh":23,"minecraft:stone_sword":12,"minecraft:arrow":10,"minecraft:stone_shovel":6,"minecraft:beetroot_seeds":3,"minecraft:hay_block":24,"minecraft:saddle":1,"minecraft:mutton":54,"minecraft:white_wool":38,"minecraft:cobblestone":458,"minecraft:stripped_oak_log":17,"minecraft:birch_log":5,"minecraft:jungle_boat":1,"minecraft:feather":12,"minecraft:cooked_beef":8,"minecraft:salmon":2,"minecraft:birch_slab":34,"minecraft:glow_ink_sac":4,"minecraft:andesite":17,"minecraft:jungle_log":43,"minecraft:leather":17,"minecraft:potato":260,"minecraft:birch_planks":106,"minecraft:flint":1,"minecraft:gunpowder":1,"minecraft:oak_log":158,"minecraft:golden_boots":2,"minecraft:yellow_bed":9,"minecraft:cobblestone_stairs":1,"minecraft:wooden_hoe":3,"minecraft:lapis_lazuli":81,"minecraft:dirt":558,"minecraft:white_banner":6,"minecraft:cooked_mutton":19,"minecraft:bone":52,"minecraft:apple":13,"minecraft:wheat_seeds":224,"minecraft:bell":4,"minecraft:iron_ingot":28,"minecraft:stone_pickaxe":17,"minecraft:oak_planks":257,"minecraft:book":47,"minecraft:sculk_catalyst":4,"minecraft:cooked_porkchop":12,"minecraft:dandelion":4,"minecraft:gravel":6,"minecraft:jungle_planks":100,"minecraft:sand":12,"minecraft:amethyst_shard":40,"minecraft:soul_torch":123,"minecraft:blast_furnace":2,"minecraft:white_bed":4,"minecraft:grass_block":1,"minecraft:dragon_egg":64,"minecraft:stripped_jungle_log":1,"minecraft:sugar":2,"minecraft:stone_axe":12,"minecraft:crossbow":1,"minecraft:granite":38,"minecraft:golden_apple":2,"minecraft:bread":26,"minecraft:emerald":14,"minecraft:baked_potato":128,"minecraft:oak_sapling":8,"minecraft:black_wool":5,"minecraft:coal":229},"minecraft:mined":{"minecraft:white_bed":2,"minecraft:oak_door":1,"minecraft:glow_lichen":2,"minecraft:granite":42,"minecraft:grass_block":114,"minecraft:jungle_planks":1,"minecraft:jungle_log":58,"minecraft:birch_slab":6,"minecraft:composter":4,"minecraft:furnace":2,"minecraft:iron_ore":8,"minecraft:fire":4,"minecraft:andesite":8,"minecraft:deepslate_lapis_ore":2,"minecraft:bell":3,"minecraft:vine":5,"minecraft:deepslate_iron_ore":1,"minecraft:dirt_path":8,"minecraft:stripped_oak_log":16,"minecraft:stone":165,"minecraft:soul_wall_torch":1,"minecraft:dandelion":1,"minecraft:crafting_table":4,"minecraft:blast_furnace":1,"minecraft:cobblestone":16,"minecraft:tall_grass":43,"minecraft:lapis_ore":5,"minecraft:sugar_cane":4,"minecraft:oak_planks":45,"minecraft:diorite":52,"minecraft:birch_planks":26,"minecraft:wheat":2,"minecraft:birch_door":2,"minecraft:tnt":6,"minecraft:yellow_bed":6,"minecraft:grass":174,"minecraft:coal_ore":15,"minecraft:oak_log":64,"minecraft:gravel":7,"minecraft:sand":6,"minecraft:dirt":184,"minecraft:oak_leaves":18,"minecraft:deepslate":1},"minecraft:killed_by":{"minecraft:player":4,"minecraft:creeper":1,"minecraft:ravager":1,"minecraft:skeleton":1,"minecraft:zombie":1},"minecraft:custom":{"minecraft:mob_kills":80,"minecraft:interact_with_crafting_table":25,"minecraft:bell_ring":14,"minecraft:leave_game":27,"minecraft:time_since_death":28917,"minecraft:climb_one_cm":6250,"minecraft:damage_resisted":150,"minecraft:sprint_one_cm":937079,"minecraft:walk_one_cm":504672,"minecraft:drop":235,"minecraft:damage_dealt_absorbed":39,"minecraft:talked_to_villager":3,"minecraft:play_time":496220,"minecraft:deaths":14,"minecraft:sneak_time":6707,"minecraft:walk_under_water_one_cm":17495,"minecraft:boat_one_cm":278790,"minecraft:jump":5671,"minecraft:walk_on_water_one_cm":30592,"minecraft:total_world_time":496220,"minecraft:interact_with_furnace":26,"minecraft:sleep_in_bed":6,"minecraft:time_since_rest":28946,"minecraft:damage_taken":6975,"minecraft:damage_absorbed":315,"minecraft:damage_dealt":14150,"minecraft:swim_one_cm":21819,"minecraft:fly_one_cm":2384328,"minecraft:player_kills":4,"minecraft:open_chest":31,"minecraft:crouch_one_cm":9430,"minecraft:fall_one_cm":152993},"minecraft:used":{"minecraft:netherite_sword":18,"minecraft:stone_sword":129,"minecraft:flint_and_steel":2,"minecraft:stone_shovel":179,"minecraft:zombie_villager_spawn_egg":2,"minecraft:chest":2,"minecraft:stone":13,"minecraft:sculk":4,"minecraft:wooden_shovel":71,"minecraft:bell":3,"minecraft:sculk_sensor":29,"minecraft:oak_door":3,"minecraft:torch":2,"minecraft:dirt":389,"minecraft:jungle_planks":26,"minecraft:obsidian":4,"minecraft:birch_door":6,"minecraft:wooden_axe":168,"minecraft:lava_bucket":32,"minecraft:villager_spawn_egg":10,"minecraft:grass_block":189,"minecraft:oak_sapling":1,"minecraft:furnace":4,"minecraft:cooked_beef":1,"minecraft:enchanted_golden_apple":2,"minecraft:stripped_spruce_wood":29,"minecraft:golden_boots":3,"minecraft:wheat_seeds":2,"minecraft:cooked_mutton":10,"minecraft:water_bucket":13,"minecraft:cobblestone_stairs":1,"minecraft:birch_planks":336,"minecraft:stripped_birch_log":145,"minecraft:stone_pickaxe":287,"minecraft:oak_planks":259,"minecraft:wooden_pickaxe":45,"minecraft:birch_boat":3,"minecraft:composter":6,"minecraft:jungle_boat":2,"minecraft:tnt":177,"minecraft:crafting_table":11,"minecraft:birch_sign":2,"minecraft:sponge":20,"minecraft:sculk_shrieker":1,"minecraft:white_bed":6,"minecraft:oak_log":127,"minecraft:netherite_block":146,"minecraft:light":26,"minecraft:apple":1,"minecraft:stripped_jungle_log":1,"minecraft:birch_slab":146,"minecraft:gravel":3,"minecraft:stone_axe":220,"minecraft:wooden_sword":8,"minecraft:cobblestone":36,"minecraft:end_crystal":33,"minecraft:white_banner":4,"minecraft:cooked_porkchop":10,"minecraft:bucket":35,"minecraft:andesite":7,"minecraft:yellow_bed":15,"minecraft:oak_boat":16,"minecraft:stripped_oak_log":139,"minecraft:diamond_leggings":3},"minecraft:dropped":{"minecraft:bread":20,"minecraft:enchanted_book":3,"minecraft:iron_ingot":14,"minecraft:candle":16,"minecraft:birch_planks":64,"minecraft:wheat_seeds":99,"minecraft:baked_potato":128,"minecraft:cooked_beef":5,"minecraft:oak_log":5,"minecraft:glow_ink_sac":2,"minecraft:feather":2,"minecraft:lead":4,"minecraft:diamond_leggings":3,"minecraft:glow_berries":6,"minecraft:book":94,"minecraft:cobblestone":57,"minecraft:apple":5,"minecraft:granite":36,"minecraft:coal":213,"minecraft:birch_slab":5,"minecraft:golden_apple":1,"minecraft:stick":6,"minecraft:music_disc_13":2,"minecraft:emerald":12,"minecraft:dirt":1,"minecraft:wooden_hoe":3,"minecraft:sculk_catalyst":4,"minecraft:mutton":6,"minecraft:wooden_axe":3,"minecraft:potion":1,"minecraft:iron_leggings":1,"minecraft:amethyst_shard":30,"minecraft:wooden_sword":2,"minecraft:iron_pickaxe":2,"minecraft:birch_log":1,"minecraft:white_wool":5,"minecraft:music_disc_cat":1,"minecraft:dandelion":2,"minecraft:bone":67,"minecraft:stone_axe":6,"minecraft:compass":1,"minecraft:soul_torch":82,"minecraft:stone_sword":7,"minecraft:music_disc_otherside":3,"minecraft:wheat":15,"minecraft:experience_bottle":6,"minecraft:stone_shovel":1,"minecraft:rotten_flesh":7,"minecraft:oak_planks":1,"minecraft:cooked_mutton":8,"minecraft:carrot":602,"minecraft:flint_and_steel":2,"minecraft:poppy":2,"minecraft:potato":4673,"minecraft:hay_block":12,"minecraft:shield":3,"minecraft:dragon_egg":64,"minecraft:iron_chestplate":2,"minecraft:beetroot_seeds":2,"minecraft:jungle_log":56,"minecraft:arrow":9,"minecraft:stone_pickaxe":9,"minecraft:beef":10,"minecraft:wooden_pickaxe":3,"minecraft:black_wool":1},"minecraft:killed":{"minecraft:witch":3,"minecraft:vindicator":5,"minecraft:spider":1,"minecraft:skeleton":3,"minecraft:chicken":4,"minecraft:pig":8,"minecraft:zombie_villager":2,"minecraft:ravager":1,"minecraft:creeper":1,"minecraft:sheep":18,"minecraft:pillager":16,"minecraft:zombie":3,"minecraft:villager":5,"minecraft:cow":5},"minecraft:crafted":{"minecraft:wooden_sword":1,"minecraft:oak_planks":408,"minecraft:stone_shovel":1,"minecraft:birch_boat":1,"minecraft:furnace":2,"minecraft:cooked_mutton":3,"minecraft:stone_pickaxe":7,"minecraft:birch_door":6,"minecraft:cooked_beef":1,"minecraft:wooden_shovel":2,"minecraft:cooked_porkchop":3,"minecraft:crafting_table":7,"minecraft:jungle_boat":1,"minecraft:wooden_pickaxe":3,"minecraft:bucket":2,"minecraft:birch_planks":164,"minecraft:stone_axe":2,"minecraft:air":0,"minecraft:jungle_planks":172,"minecraft:oak_boat":3,"minecraft:stick":48,"minecraft:wooden_axe":3,"minecraft:stone_sword":1,"minecraft:white_bed":2},"minecraft:broken":{"minecraft:wooden_shovel":1,"minecraft:stone_pickaxe":1,"minecraft:stone_axe":1,"minecraft:wooden_axe":1}},"DataVersion":3337}