{"stats":{"minecraft:picked_up":{"minecraft:arrow":1,"minecraft:birch_slab":1,"minecraft:oak_sign":9,"minecraft:torch":1,"minecraft:wheat_seeds":2,"minecraft:dirt":1},"minecraft:killed":{"minecraft:zombie":1},"minecraft:mined":{"minecraft:grass":5,"minecraft:grass_block":1,"minecraft:oak_sign":1,"minecraft:birch_slab":1,"minecraft:oak_wall_sign":2,"minecraft:torch":1},"minecraft:custom":{"minecraft:time_since_rest":41365,"minecraft:open_chest":1,"minecraft:crouch_one_cm":259,"minecraft:play_time":41365,"minecraft:sprint_one_cm":95337,"minecraft:damage_taken":260,"minecraft:walk_one_cm":73828,"minecraft:sneak_time":163,"minecraft:mob_kills":1,"minecraft:drop":1,"minecraft:jump":258,"minecraft:damage_dealt":70,"minecraft:leave_game":1,"minecraft:time_since_death":41365,"minecraft:walk_on_water_one_cm":291,"minecraft:total_world_time":41365,"minecraft:talked_to_villager":1,"minecraft:fall_one_cm":7877,"minecraft:fly_one_cm":133706},"minecraft:used":{"minecraft:oak_fence":411,"minecraft:torch":1,"minecraft:dirt":1,"minecraft:birch_slab":5,"minecraft:grass_block":37,"minecraft:oak_sign":22},"minecraft:dropped":{"minecraft:oak_sign":1}},"DataVersion":3337}